{
  "model": {
    "name": "ViT",
    "layer": 5,
    "dim": 16,
    "f1": [
      0.9789758959303843,
      0.9508106240427929,
      0.964687723640394
    ],
    "num_param": 10395
  },
  "estimator": {
    "method": "PQ_KMEANS",
    "N_SUBSPACE": [
      2,
      2,
      2,
      2,
      2,
      2,
      2,
      2,
      2,
      2,
      2,
      2,
      2,
      2
    ],
    "K_CLUSTER": [
      32,
      32,
      32,
      32,
      32,
      32,
      32,
      32,
      32,
      32,
      32,
      32,
      32,
      32
    ],
    "cossim_layer_train": [
      1.0000087022781372,
      0.9999990463256836,
      1.0000016689300537,
      1.000002145767212,
      0.9999956488609314
    ],
    "cossim_layer_test": [
      1.0000087022781372,
      0.9999990463256836,
      1.0000016689300537,
      1.000002145767212,
      0.9999956488609314
    ],
    "cossim_amm_train": [
      0.999999999999999,
      0.9830856919288635,
      0.9722083806991577,
      0.9727760553359985,
      0.9748560190200806,
      0.9667348265647888,
      0.9367426037788391,
      0.8083571791648865,
      0.6321239471435547,
      0.6274580955505371,
      0.5656724572181702,
      0.44263797998428345,
      0.24161650240421295,
      0.7966514825820923
    ],
    "cossim_amm_test": [
      0.9999999999999923,
      0.982281506061554,
      0.9711084365844727,
      0.9714453220367432,
      0.9730268716812134,
      0.9660528898239136,
      0.9364314675331116,
      0.8061560988426208,
      0.6314020156860352,
      0.6290605664253235,
      0.5624318718910217,
      0.43964338302612305,
      0.23088745772838593,
      0.7958090305328369
    ],
    "f1": [
      0.778040339578817,
      0.39683196936056436,
      0.5255912116538862
    ],
    "lut_num": 13,
    "lut_shapes": [
      [
        16,
        2,
        32
      ],
      [
        25,
        2,
        32
      ],
      [
        32,
        2,
        32
      ],
      [
        16,
        2,
        32
      ],
      [
        16,
        2,
        32
      ],
      [
        25,
        2,
        32
      ],
      [
        32,
        2,
        32
      ],
      [
        16,
        2,
        32
      ],
      [
        16,
        2,
        32
      ],
      [
        25,
        2,
        32
      ],
      [
        32,
        2,
        32
      ],
      [
        16,
        2,
        32
      ],
      [
        256,
        2,
        32
      ]
    ],
    "lut_total_size": 33472
  }
}