{
  "model": {
    "name": "ViT",
    "layer": 6,
    "dim": 16,
    "f1": [
      0.96147823784382,
      0.9180866704879158,
      0.9392815860901618
    ],
    "num_param": 10096
  },
  "estimator": {
    "method": "PQ_KMEANS",
    "N_SUBSPACE": [
      2,
      2,
      2,
      2,
      2,
      2,
      2,
      2,
      2,
      2,
      2,
      2,
      2,
      2
    ],
    "K_CLUSTER": [
      16,
      16,
      16,
      16,
      16,
      16,
      16,
      16,
      16,
      16,
      16,
      16,
      16,
      16
    ],
    "cossim_layer_train": [
      0.9964911341667175,
      0.9576327204704285,
      0.9600332975387573,
      0.9058904051780701,
      0.8653563261032104,
      0.7792267799377441
    ],
    "cossim_layer_test": [
      0.9963862299919128,
      0.9580234289169312,
      0.9603273868560791,
      0.9071267247200012,
      0.8660674095153809,
      0.7797201871871948
    ],
    "cossim_amm_train": [
      0.9604552984237671,
      0.9811152815818787,
      0.8989259004592896,
      0.7120305895805359,
      0.7371401786804199,
      0.9336608052253723,
      0.9475551247596741,
      0.9280503988265991,
      0.8637836575508118,
      0.7247707843780518,
      0.7326250076293945,
      0.8219296932220459,
      0.8400657176971436,
      0.887843132019043
    ],
    "cossim_amm_test": [
      0.9582923650741577,
      0.9811723232269287,
      0.8985092043876648,
      0.7162380218505859,
      0.7413936853408813,
      0.9340460896492004,
      0.9478474855422974,
      0.9283648133277893,
      0.8638952374458313,
      0.7257387042045593,
      0.7323790788650513,
      0.8222106695175171,
      0.8399825096130371,
      0.889255940914154
    ],
    "f1": [
      0.7318560126510444,
      0.663636761386989,
      0.6960789236219969
    ],
    "lut_num": 14,
    "lut_shapes": [
      [
        16,
        2,
        16
      ],
      [
        96,
        2,
        16
      ],
      [
        16,
        16,
        2
      ],
      [
        16,
        16,
        2
      ],
      [
        16,
        2,
        16
      ],
      [
        16,
        2,
        16
      ],
      [
        16,
        2,
        16
      ],
      [
        96,
        2,
        16
      ],
      [
        16,
        16,
        2
      ],
      [
        16,
        16,
        2
      ],
      [
        16,
        2,
        16
      ],
      [
        16,
        2,
        16
      ],
      [
        16,
        2,
        16
      ],
      [
        256,
        2,
        16
      ]
    ],
    "lut_total_size": 19968
  }
}