{
  "model": {
    "name": "MLPTeacher",
    "layer": 6,
    "dim": 1024,
    "f1": [
      0.8772964801060272,
      0.9046436308099355,
      0.8907602092776746
    ],
    "num_param": 4564224
  },
  "estimator": {
    "method": "PQ_KMEANS",
    "N_SUBSPACE": [
      2,
      2,
      2,
      2,
      2,
      2
    ],
    "K_CLUSTER": [
      16,
      16,
      16,
      16,
      16,
      16
    ],
    "cossim_train": [
      0.9533111453056335,
      0.983031690120697,
      0.9937114119529724,
      0.9954695105552673,
      0.9923216104507446,
      0.991401195526123
    ],
    "cossim_test": [
      0.9280258417129517,
      0.9747075438499451,
      0.9760635495185852,
      0.9604556560516357,
      0.9266765117645264,
      0.884076714515686
    ],
    "f1": [
      0.6924498954988362,
      0.9528786377669768,
      0.8020534498786552
    ],
    "lut_size": 172032
  }
}