{
  "model": {
    "name": "MLP",
    "layer": 3,
    "dim": 16,
    "f1": [
      0.698754844300352,
      0.9475906722875647,
      0.8043676931766399
    ],
    "num_param": 6240
  },
  "estimator": {
    "method": "PQ_KMEANS",
    "N_SUBSPACE": [
      2,
      2,
      2
    ],
    "K_CLUSTER": [
      16,
      16,
      16
    ],
    "cossim_train": [
      0.9956359267234802,
      0.9996805787086487,
      0.9998185634613037
    ],
    "cossim_test": [
      0.9923542737960815,
      0.992905855178833,
      0.9992970824241638
    ],
    "f1": [
      0.6984260654444606,
      0.944862544943485,
      0.8031658291539253
    ],
    "lut_size": 9216
  }
}