{
  "model": {
    "name": "ViT",
    "layer": 6,
    "dim": 16,
    "f1": [
      0.9397570841097803,
      0.8897942098067919,
      0.9140934335606851
    ],
    "num_param": 10096
  },
  "estimator": {
    "method": "PQ_KMEANS",
    "N_SUBSPACE": [
      4,
      4,
      4,
      4,
      4,
      4,
      4,
      8,
      8,
      8,
      8,
      8,
      8,
      8
    ],
    "K_CLUSTER": [
      2048,
      2048,
      2048,
      2048,
      2048,
      2048,
      2048,
      2048,
      2048,
      2048,
      2048,
      2048,
      2048,
      2048
    ],
    "cossim_layer_train": [
      0.9999962449073792,
      0.9993842244148254,
      0.9992313385009766,
      0.9973487854003906,
      0.9948939681053162,
      0.9216433167457581
    ],
    "cossim_layer_test": [
      0.9996635317802429,
      0.9989832043647766,
      0.9988226294517517,
      0.9964003562927246,
      0.9934777021408081,
      0.911022961139679
    ],
    "cossim_amm_train": [
      0.9999591708183289,
      0.9997415542602539,
      0.9991447925567627,
      0.9983096718788147,
      0.9975426197052002,
      0.9985151290893555,
      0.9984164237976074,
      0.9986175298690796,
      0.9974650144577026,
      0.9908796548843384,
      0.9878680109977722,
      0.9777334332466125,
      0.9927612543106079,
      0.9496620893478394
    ],
    "cossim_amm_test": [
      0.9965947270393372,
      0.9992010593414307,
      0.997707724571228,
      0.9960286617279053,
      0.9958191514015198,
      0.9978539347648621,
      0.9977139234542847,
      0.9978921413421631,
      0.9960616827011108,
      0.987841010093689,
      0.9838926196098328,
      0.9734902381896973,
      0.9915198683738708,
      0.9444218277931213
    ],
    "f1": [
      0.863962071158046,
      0.7561876187134786,
      0.8064901969639298
    ],
    "lut_num": 14,
    "lut_shapes": [
      [
        16,
        4,
        2048
      ],
      [
        96,
        4,
        2048
      ],
      [
        2048,
        2048,
        4
      ],
      [
        2048,
        2048,
        4
      ],
      [
        16,
        4,
        2048
      ],
      [
        16,
        4,
        2048
      ],
      [
        16,
        4,
        2048
      ],
      [
        96,
        8,
        2048
      ],
      [
        2048,
        2048,
        8
      ],
      [
        2048,
        2048,
        8
      ],
      [
        16,
        8,
        2048
      ],
      [
        16,
        8,
        2048
      ],
      [
        16,
        8,
        2048
      ],
      [
        256,
        8,
        2048
      ]
    ],
    "lut_total_size": 108527616
  }
}