{
  "model": {
    "name": "ViT",
    "layer": 5,
    "dim": 16,
    "f1": [
      0.9789758959303843,
      0.9508106240427929,
      0.964687723640394
    ],
    "num_param": 10395
  },
  "estimator": {
    "method": "PQ_KMEANS",
    "N_SUBSPACE": [
      2,
      2,
      2,
      2,
      2,
      2,
      2,
      2,
      2,
      2,
      2,
      2,
      2,
      2
    ],
    "K_CLUSTER": [
      16,
      16,
      16,
      16,
      16,
      16,
      16,
      16,
      16,
      16,
      16,
      16,
      16,
      16
    ],
    "cossim_layer_train": [
      1.0000087022781372,
      1.0000008344650269,
      1.0000038146972656,
      1.0000005960464478,
      0.9999860525131226
    ],
    "cossim_layer_test": [
      1.0000087022781372,
      1.0000008344650269,
      1.0000038146972656,
      1.0000005960464478,
      0.9999860525131226
    ],
    "cossim_amm_train": [
      0.999999999999999,
      0.9761146306991577,
      0.965505063533783,
      0.9643211960792542,
      0.9678134918212891,
      0.9597297310829163,
      0.914482831954956,
      0.7489122152328491,
      0.4942840039730072,
      0.5251119136810303,
      0.517690896987915,
      0.4063532054424286,
      0.17901311814785004,
      0.7286553382873535
    ],
    "cossim_amm_test": [
      0.9999999999999923,
      0.9743210077285767,
      0.9624342918395996,
      0.9597005844116211,
      0.963356614112854,
      0.9583412408828735,
      0.9129651784896851,
      0.7436333298683167,
      0.48646479845046997,
      0.5247396230697632,
      0.5109601616859436,
      0.3996000587940216,
      0.16485436260700226,
      0.726900041103363
    ],
    "f1": [
      0.8863870652704682,
      0.0844604566293806,
      0.1542253641161238
    ],
    "lut_num": 13,
    "lut_shapes": [
      [
        16,
        2,
        16
      ],
      [
        25,
        2,
        16
      ],
      [
        32,
        2,
        16
      ],
      [
        16,
        2,
        16
      ],
      [
        16,
        2,
        16
      ],
      [
        25,
        2,
        16
      ],
      [
        32,
        2,
        16
      ],
      [
        16,
        2,
        16
      ],
      [
        16,
        2,
        16
      ],
      [
        25,
        2,
        16
      ],
      [
        32,
        2,
        16
      ],
      [
        16,
        2,
        16
      ],
      [
        256,
        2,
        16
      ]
    ],
    "lut_total_size": 16736
  }
}