{
  "model": {
    "name": "MLP",
    "layer": 3,
    "dim": 16,
    "f1": [
      0.6998217695680705,
      0.9411513553229953,
      0.8027410040091296
    ],
    "num_param": 6240
  },
  "estimator": {
    "method": "PQ_KMEANS",
    "N_SUBSPACE": [
      2,
      2,
      2
    ],
    "K_CLUSTER": [
      16,
      16,
      16
    ],
    "cossim_train": [
      0.995717465877533,
      0.9997835159301758,
      0.9998871684074402
    ],
    "cossim_test": [
      0.9928247928619385,
      0.9932503700256348,
      0.999427080154419
    ],
    "f1": [
      0.6987780101585628,
      0.9446884030313549,
      0.8033355317664611
    ],
    "lut_size": 9216
  }
}