{
  "model": {
    "name": "MLPTeacher",
    "layer": 6,
    "dim": 1024,
    "f1": [
      0.8815909452984618,
      0.9962950708797502,
      0.9354398571225355
    ],
    "num_param": 4564224
  },
  "estimator": {
    "method": "PQ_KMEANS",
    "N_SUBSPACE": [
      2,
      2,
      2,
      2,
      2,
      2
    ],
    "K_CLUSTER": [
      16,
      16,
      16,
      16,
      16,
      16
    ],
    "cossim_train": [
      0.9722058176994324,
      0.993833065032959,
      0.9985040426254272,
      0.9997120499610901,
      0.9999375939369202,
      0.9999969005584717
    ],
    "cossim_test": [
      0.9363899827003479,
      0.9825832843780518,
      0.9936805367469788,
      0.9947182536125183,
      0.9945124983787537,
      0.9996582865715027
    ],
    "f1": [
      0.8826457334189293,
      0.9960171200273862,
      0.9359106236562461
    ],
    "lut_size": 172032
  }
}