{
  "model": {
    "name": "MLP",
    "layer": 3,
    "dim": 16,
    "f1": [
      0.6396604631477756,
      0.759342538686766,
      0.6943822126861028
    ],
    "num_param": 6240
  },
  "estimator": {
    "method": "PQ_KMEANS",
    "N_SUBSPACE": [
      2,
      2,
      2
    ],
    "K_CLUSTER": [
      16,
      16,
      16
    ],
    "cossim_train": [
      0.9969067573547363,
      0.9990085363388062,
      0.9999673366546631
    ],
    "cossim_test": [
      0.980575680732727,
      0.9921566843986511,
      0.9996826648712158
    ],
    "f1": [
      0.6423328368419609,
      0.7612698625804952,
      0.6967621687174362
    ],
    "lut_size": 9216
  }
}