{
  "model": {
    "name": "MLP",
    "layer": 3,
    "dim": 16,
    "f1": [
      0.8792608424601287,
      0.9967541793327332,
      0.934328253521331
    ],
    "num_param": 6240
  },
  "estimator": {
    "method": "PQ_KMEANS",
    "N_SUBSPACE": [
      2,
      2,
      2
    ],
    "K_CLUSTER": [
      16,
      16,
      16
    ],
    "cossim_train": [
      0.9956841468811035,
      0.999808669090271,
      0.9999809265136719
    ],
    "cossim_test": [
      0.9910913109779358,
      0.9918249845504761,
      0.9996032118797302
    ],
    "f1": [
      0.8796180368901672,
      0.9967031447356393,
      0.9345074522635353
    ],
    "lut_size": 9216
  }
}