{
  "model": {
    "name": "MLP",
    "layer": 3,
    "dim": 16,
    "f1": [
      0.8788723956933322,
      0.9968599518326747,
      0.9341553395861297
    ],
    "num_param": 6240
  },
  "estimator": {
    "method": "PQ_KMEANS",
    "N_SUBSPACE": [
      2,
      2,
      2
    ],
    "K_CLUSTER": [
      16,
      16,
      16
    ],
    "cossim_train": [
      0.9950190782546997,
      0.9998467564582825,
      0.9999806880950928
    ],
    "cossim_test": [
      0.9919518232345581,
      0.9927592277526855,
      0.9996328949928284
    ],
    "f1": [
      0.8816022755896883,
      0.996240789548845,
      0.9354223080795476
    ],
    "lut_size": 9216
  }
}