{
  "model": {
    "name": "MLP",
    "layer": 3,
    "dim": 16,
    "f1": [
      0.0,
      0.0,
      0.0
    ],
    "num_param": 6240
  },
  "estimator": {
    "method": "PQ_KMEANS",
    "N_SUBSPACE": [
      2,
      2,
      2
    ],
    "K_CLUSTER": [
      16,
      16,
      16
    ],
    "cossim_train": [
      0.9981194138526917,
      0.9998432993888855,
      0.9989044666290283
    ],
    "cossim_test": [
      0.9981540441513062,
      0.9983837604522705,
      0.9978910088539124
    ],
    "f1": [
      0.0,
      0.0,
      0.0
    ],
    "lut_size": 9216
  }
}