{
  "model": {
    "name": "MLPTeacher",
    "layer": 6,
    "dim": 1024,
    "f1": [
      0.45411234594286526,
      0.04039426769735485,
      0.07418924301803499
    ],
    "num_param": 4564224
  },
  "estimator": {
    "method": "PQ_KMEANS",
    "N_SUBSPACE": [
      2,
      2,
      2,
      2,
      2,
      2
    ],
    "K_CLUSTER": [
      16,
      16,
      16,
      16,
      16,
      16
    ],
    "cossim_train": [
      0.9408531785011292,
      0.9811386466026306,
      0.9941977858543396,
      0.9930995106697083,
      0.9937750697135925,
      0.9794126152992249
    ],
    "cossim_test": [
      0.9434858560562134,
      0.9799764156341553,
      0.9859239459037781,
      0.9755699634552002,
      0.9550660252571106,
      0.8219119310379028
    ],
    "f1": [
      0.0,
      0.0,
      0.0
    ],
    "lut_size": 172032
  }
}