{
  "model": {
    "name": "MLP",
    "layer": 3,
    "dim": 16,
    "f1": [
      0.0,
      0.0,
      0.0
    ],
    "num_param": 6240
  },
  "estimator": {
    "method": "PQ_KMEANS",
    "N_SUBSPACE": [
      2,
      2,
      2
    ],
    "K_CLUSTER": [
      16,
      16,
      16
    ],
    "cossim_train": [
      0.9981716275215149,
      0.9999132752418518,
      0.9996079206466675
    ],
    "cossim_test": [
      0.9981536269187927,
      0.9983944892883301,
      0.9985050559043884
    ],
    "f1": [
      0.0,
      0.0,
      0.0
    ],
    "lut_size": 9216
  }
}