{
  "model": {
    "name": "ViT",
    "layer": 6,
    "dim": 16,
    "f1": [
      0.9781694383836493,
      0.9917091193756338,
      0.9848927473407701
    ],
    "num_param": 10096
  },
  "estimator": {
    "method": "PQ_KMEANS",
    "N_SUBSPACE": [
      2,
      2,
      2,
      2,
      2,
      2,
      2,
      8,
      8,
      8,
      8,
      8,
      8,
      8
    ],
    "K_CLUSTER": [
      64,
      64,
      64,
      64,
      64,
      64,
      64,
      64,
      64,
      64,
      64,
      64,
      64,
      64
    ],
    "cossim_layer_train": [
      0.9989567399024963,
      0.9839192032814026,
      0.9698909521102905,
      0.9631268978118896,
      0.9485295414924622,
      0.7284504771232605
    ],
    "cossim_layer_test": [
      0.9984850287437439,
      0.983780562877655,
      0.9706271290779114,
      0.9640600681304932,
      0.9486274123191833,
      0.7206894159317017
    ],
    "cossim_amm_train": [
      0.9905712604522705,
      0.9959140419960022,
      0.9816453456878662,
      0.9595093131065369,
      0.9569740295410156,
      0.9619693756103516,
      0.9655832052230835,
      0.9569087028503418,
      0.9236072301864624,
      0.8588823676109314,
      0.9023684859275818,
      0.8984971046447754,
      0.9057985544204712,
      0.8539106249809265
    ],
    "cossim_amm_test": [
      0.987514078617096,
      0.9949080944061279,
      0.9799290895462036,
      0.9598720073699951,
      0.9582182168960571,
      0.9625418186187744,
      0.9669315218925476,
      0.9572789072990417,
      0.9270696640014648,
      0.8572696447372437,
      0.9028165340423584,
      0.8918580412864685,
      0.9029711484909058,
      0.8446879386901855
    ],
    "f1": [
      0.8135234970661255,
      0.6014595033774367,
      0.6916004480306597
    ],
    "lut_num": 14,
    "lut_shapes": [
      [
        16,
        2,
        64
      ],
      [
        96,
        2,
        64
      ],
      [
        64,
        64,
        2
      ],
      [
        64,
        64,
        2
      ],
      [
        16,
        2,
        64
      ],
      [
        16,
        2,
        64
      ],
      [
        16,
        2,
        64
      ],
      [
        96,
        8,
        64
      ],
      [
        64,
        64,
        8
      ],
      [
        64,
        64,
        8
      ],
      [
        16,
        8,
        64
      ],
      [
        16,
        8,
        64
      ],
      [
        16,
        8,
        64
      ],
      [
        256,
        8,
        64
      ]
    ],
    "lut_total_size": 307200
  }
}