{
  "model": "vit",
  "app": "410.bwaves-s0.txt.xz",
  "validation": [
    {
      "method": "micro precision f1",
      "threshold": 0.45100364089012146,
      "p": 0.8679476865645539,
      "r": 0.9246500598860351,
      "f1": 0.895402085547564
    },
    {
      "method": "fixed threshold 0.5",
      "threshold": 0.5,
      "p": 0.8782076571555796,
      "r": 0.9124226623274496,
      "f1": 0.8949882730116929
    }
  ]
}