{
  "model": "vit",
  "app": "410.bwaves-s0.txt.xz",
  "validation": [
    {
      "method": "micro precision f1",
      "threshold": 0.47922229766845703,
      "p": 0.8454120194441163,
      "r": 0.9246974847865275,
      "f1": 0.8832791034903248
    },
    {
      "method": "fixed threshold 0.5",
      "threshold": 0.5,
      "p": 0.8490653347763535,
      "r": 0.9199012787785669,
      "f1": 0.8830650406201919
    }
  ]
}