{
  "model": "vit",
  "app": "410.bwaves-s0.txt.xz",
  "validation": [
    {
      "method": "micro precision f1",
      "threshold": 0.4770190417766571,
      "p": 0.8756062026804781,
      "r": 0.9254635421077465,
      "f1": 0.8998447952047202
    },
    {
      "method": "fixed threshold 0.5",
      "threshold": 0.5,
      "p": 0.8814287200909814,
      "r": 0.9181557520839131,
      "f1": 0.8994174621049345
    }
  ]
}