{
  "model": "vit",
  "app": "410.bwaves-s0.txt.xz",
  "validation": [
    {
      "method": "micro precision f1",
      "threshold": 0.4680907726287842,
      "p": 0.8732335726204157,
      "r": 0.9226190159333147,
      "f1": 0.897247251345737
    },
    {
      "method": "fixed threshold 0.5",
      "threshold": 0.5,
      "p": 0.8799722513664665,
      "r": 0.914034141089079,
      "f1": 0.8966798383132318
    }
  ]
}