{
  "model": "vit",
  "app": "410.bwaves-s0.txt.xz",
  "validation": [
    {
      "method": "micro precision f1",
      "threshold": 0.46129992604255676,
      "p": 0.8093779201069162,
      "r": 0.9401826826524069,
      "f1": 0.8698905348069583
    },
    {
      "method": "fixed threshold 0.5",
      "threshold": 0.5,
      "p": 0.8177440985578308,
      "r": 0.9268354767291337,
      "f1": 0.8688789576189025
    }
  ]
}