{
  "model": "vit",
  "app": "410.bwaves-s0.txt.xz",
  "validation": [
    {
      "method": "micro precision f1",
      "threshold": 0.45703405141830444,
      "p": 0.8689567331990146,
      "r": 0.9277317105629287,
      "f1": 0.8973828704635562
    },
    {
      "method": "fixed threshold 0.5",
      "threshold": 0.5,
      "p": 0.8855185646146226,
      "r": 0.9058804456972791,
      "f1": 0.8955837838122308
    }
  ]
}