{
  "model": "vitt",
  "app": "410.bwaves-s0.txt.xz",
  "validation": [
    {
      "method": "micro precision f1",
      "threshold": 0.510458767414093,
      "p": 0.9653566668743808,
      "r": 0.967098249392066,
      "f1": 0.9662266733517415
    },
    {
      "method": "fixed threshold 0.5",
      "threshold": 0.5,
      "p": 0.9645860332180471,
      "r": 0.9678376906977025,
      "f1": 0.9662091262027105
    }
  ]
}