{
  "model": "vit",
  "app": "410.bwaves-s0.txt.xz",
  "validation": [
    {
      "method": "micro precision f1",
      "threshold": 0.4311984181404114,
      "p": 0.8636414663156348,
      "r": 0.9381956761072867,
      "f1": 0.8993761648344384
    },
    {
      "method": "fixed threshold 0.5",
      "threshold": 0.5,
      "p": 0.8766416579387679,
      "r": 0.9218998995850322,
      "f1": 0.8987013428129937
    }
  ]
}