{
  "model": "vit",
  "app": "433.milc-s0.txt.xz",
  "validation": [
    {
      "method": "micro precision f1",
      "threshold": 0.4084946811199188,
      "p": 0.6862984086729103,
      "r": 0.7784292301135263,
      "f1": 0.7294663222631869
    },
    {
      "method": "fixed threshold 0.5",
      "threshold": 0.5,
      "p": 0.7911206585146529,
      "r": 0.6381246851873378,
      "f1": 0.7064338161176114
    }
  ]
}