{
  "model": "vit",
  "app": "433.milc-s0.txt.xz",
  "validation": [
    {
      "method": "micro precision f1",
      "threshold": 0.47259172797203064,
      "p": 0.11685554737161734,
      "r": 0.47357588438141734,
      "f1": 0.18745604049933393
    },
    {
      "method": "fixed threshold 0.5",
      "threshold": 0.5,
      "p": 0.10473508001117894,
      "r": 0.3415211747839901,
      "f1": 0.16030810630511413
    }
  ]
}