{
  "model": "vitt",
  "app": "433.milc-s0.txt.xz",
  "validation": [
    {
      "method": "micro precision f1",
      "threshold": 0.4221867322921753,
      "p": 0.794152699800245,
      "r": 0.9501228253709946,
      "f1": 0.8651644720361904
    },
    {
      "method": "fixed threshold 0.5",
      "threshold": 0.5,
      "p": 0.8594169624250473,
      "r": 0.8545499631911349,
      "f1": 0.8569765526159547
    }
  ]
}