{
  "model": "vit",
  "app": "433.milc-s0.txt.xz",
  "validation": [
    {
      "method": "micro precision f1",
      "threshold": 0.3431137800216675,
      "p": 0.6836924206794766,
      "r": 0.750257662055872,
      "f1": 0.7154300324399416
    },
    {
      "method": "fixed threshold 0.5",
      "threshold": 0.5,
      "p": 0.7791027450310493,
      "r": 0.6220372738192104,
      "f1": 0.6917666200724939
    }
  ]
}