{
  "model": "vit",
  "app": "433.milc-s0.txt.xz",
  "validation": [
    {
      "method": "micro precision f1",
      "threshold": 0.3164266049861908,
      "p": 0.5547338911627144,
      "r": 0.7240776473323259,
      "f1": 0.6281932852769027
    },
    {
      "method": "fixed threshold 0.5",
      "threshold": 0.5,
      "p": 0.7630185448711043,
      "r": 0.41716765469409894,
      "f1": 0.5394176901394903
    }
  ]
}