{
  "model": "vit",
  "app": "437.leslie3d-s0.txt.xz",
  "validation": [
    {
      "method": "micro precision f1",
      "threshold": 0.3477005958557129,
      "p": 0.46104734490197313,
      "r": 0.6481539073381924,
      "f1": 0.5388195108193228
    },
    {
      "method": "fixed threshold 0.5",
      "threshold": 0.5,
      "p": 0.6692808145942656,
      "r": 0.3067459801377054,
      "f1": 0.42068353157549854
    }
  ]
}