{
  "model": "vit",
  "app": "437.leslie3d-s0.txt.xz",
  "validation": [
    {
      "method": "micro precision f1",
      "threshold": 0.29390236735343933,
      "p": 0.48176198968996603,
      "r": 0.6318369701047775,
      "f1": 0.5466869975048516
    },
    {
      "method": "fixed threshold 0.5",
      "threshold": 0.5,
      "p": 0.6627366847951685,
      "r": 0.32431255689817984,
      "f1": 0.4355078140324812
    }
  ]
}