{
  "model": "vit",
  "app": "437.leslie3d-s0.txt.xz",
  "validation": [
    {
      "method": "micro precision f1",
      "threshold": 0.2999255955219269,
      "p": 0.4712647060397083,
      "r": 0.664103303534237,
      "f1": 0.5513074976236206
    },
    {
      "method": "fixed threshold 0.5",
      "threshold": 0.5,
      "p": 0.6292946530147895,
      "r": 0.37533290736269515,
      "f1": 0.47021403954932334
    }
  ]
}