{
  "model": "vitt",
  "app": "437.leslie3d-s0.txt.xz",
  "validation": [
    {
      "method": "micro precision f1",
      "threshold": 0.2425125539302826,
      "p": 0.5146190046331066,
      "r": 0.6651229943097108,
      "f1": 0.5802708280233829
    },
    {
      "method": "fixed threshold 0.5",
      "threshold": 0.5,
      "p": 0.6575981015340283,
      "r": 0.42410654543466914,
      "f1": 0.515652142028866
    }
  ]
}