{
  "model": "vit",
  "app": "437.leslie3d-s0.txt.xz",
  "validation": [
    {
      "method": "micro precision f1",
      "threshold": 0.3104161024093628,
      "p": 0.47332061230084743,
      "r": 0.6540797997561035,
      "f1": 0.5492093989026068
    },
    {
      "method": "fixed threshold 0.5",
      "threshold": 0.5,
      "p": 0.6444814622899053,
      "r": 0.34929592331020654,
      "f1": 0.4530486418563945
    }
  ]
}