{
  "model": "vitt",
  "app": "462.libquantum-s0.txt.xz",
  "validation": [
    {
      "method": "micro precision f1",
      "threshold": 0.6414719223976135,
      "p": 0.9830463197274706,
      "r": 0.9999998484422286,
      "f1": 0.9914506142300132
    },
    {
      "method": "fixed threshold 0.5",
      "threshold": 0.5,
      "p": 0.9830463222533707,
      "r": 1.0,
      "f1": 0.9914506900033658
    }
  ]
}