{
  "model": "vit",
  "app": "462.libquantum-s0.txt.xz",
  "validation": [
    {
      "method": "micro precision f1",
      "threshold": 0.9657717943191528,
      "p": 0.9830466126524207,
      "r": 0.9999998484422286,
      "f1": 0.9914507632074554
    },
    {
      "method": "fixed threshold 0.5",
      "threshold": 0.5,
      "p": 0.9830463222533707,
      "r": 1.0,
      "f1": 0.9914506900033658
    }
  ]
}