{
  "model": "vitt",
  "app": "602.gcc-s0.txt.xz",
  "validation": [
    {
      "method": "micro precision f1",
      "threshold": 0.6018158793449402,
      "p": 0.9263987551761104,
      "r": 0.9856007664281314,
      "f1": 0.9550832129430127
    },
    {
      "method": "fixed threshold 0.5",
      "threshold": 0.5,
      "p": 0.9205443013924199,
      "r": 0.9904992766060693,
      "f1": 0.9542414156436909
    }
  ]
}