{
  "model": "vit",
  "app": "602.gcc-s0.txt.xz",
  "validation": [
    {
      "method": "micro precision f1",
      "threshold": 0.6583879590034485,
      "p": 0.905716230902657,
      "r": 0.9912501285534417,
      "f1": 0.9465548251183681
    },
    {
      "method": "fixed threshold 0.5",
      "threshold": 0.5,
      "p": 0.8927195637058557,
      "r": 0.9976872861394928,
      "f1": 0.9422891785122239
    }
  ]
}