{
  "model": "vit",
  "app": "602.gcc-s0.txt.xz",
  "validation": [
    {
      "method": "micro precision f1",
      "threshold": 0.43549519777297974,
      "p": 0.6228767586930667,
      "r": 0.8939533952586495,
      "f1": 0.734192673860958
    },
    {
      "method": "fixed threshold 0.5",
      "threshold": 0.5,
      "p": 0.684695178127861,
      "r": 0.7082882772241244,
      "f1": 0.6962919283449858
    }
  ]
}