{
  "model": "vit",
  "app": "602.gcc-s0.txt.xz",
  "validation": [
    {
      "method": "micro precision f1",
      "threshold": 0.6328043937683105,
      "p": 0.9041488515371566,
      "r": 0.9940600821344164,
      "f1": 0.946975083382755
    },
    {
      "method": "fixed threshold 0.5",
      "threshold": 0.5,
      "p": 0.8931107780771707,
      "r": 0.9977209846145244,
      "f1": 0.9425221031875491
    }
  ]
}