{
  "model": "vit",
  "app": "602.gcc-s0.txt.xz",
  "validation": [
    {
      "method": "micro precision f1",
      "threshold": 0.6774940490722656,
      "p": 0.9060901726867789,
      "r": 0.9915209644453631,
      "f1": 0.9468825138269613
    },
    {
      "method": "fixed threshold 0.5",
      "threshold": 0.5,
      "p": 0.8902424631642329,
      "r": 0.9979369044730607,
      "f1": 0.9410184468144704
    }
  ]
}