{
  "model": "vit",
  "app": "602.gcc-s0.txt.xz",
  "validation": [
    {
      "method": "micro precision f1",
      "threshold": 0.4963763952255249,
      "p": 0.9107117964163018,
      "r": 0.9915077346736839,
      "f1": 0.9493938795675342
    },
    {
      "method": "fixed threshold 0.5",
      "threshold": 0.5,
      "p": 0.9110803613328422,
      "r": 0.9910509331232545,
      "f1": 0.9493845612874708
    }
  ]
}