{
  "model": "vitt",
  "app": "605.mcf-s0.txt.xz",
  "validation": [
    {
      "method": "micro precision f1",
      "threshold": 0.07222689688205719,
      "p": 0.7403891278090212,
      "r": 0.8473634482595135,
      "f1": 0.7902726077731462
    },
    {
      "method": "fixed threshold 0.5",
      "threshold": 0.5,
      "p": 0.8681330355269553,
      "r": 0.22139448882627646,
      "f1": 0.3528132430574219
    }
  ]
}