{
  "model": "vit",
  "app": "605.mcf-s0.txt.xz",
  "validation": [
    {
      "method": "micro precision f1",
      "threshold": 0.5979321002960205,
      "p": 0.34504813917093086,
      "r": 0.2525163313477214,
      "f1": 0.29161804136774494
    },
    {
      "method": "fixed threshold 0.5",
      "threshold": 0.5,
      "p": 0.181732149335184,
      "r": 0.4370143350119035,
      "f1": 0.256711129359561
    }
  ]
}