{
  "model": "vit",
  "app": "605.mcf-s0.txt.xz",
  "validation": [
    {
      "method": "micro precision f1",
      "threshold": 0.30004972219467163,
      "p": 0.5123245911288048,
      "r": 0.9067394536237136,
      "f1": 0.6547201608777855
    },
    {
      "method": "fixed threshold 0.5",
      "threshold": 0.5,
      "p": 0.5001788135156934,
      "r": 0.49352875637930044,
      "f1": 0.49683153330060553
    }
  ]
}