{
  "model": "vit",
  "app": "605.mcf-s0.txt.xz",
  "validation": [
    {
      "method": "micro precision f1",
      "threshold": 0.3215367794036865,
      "p": 0.5123688001016383,
      "r": 0.9068451121097494,
      "f1": 0.6547838038674769
    },
    {
      "method": "fixed threshold 0.5",
      "threshold": 0.5,
      "p": 0.5272984230334437,
      "r": 0.48367542525847385,
      "f1": 0.5045457692693562
    }
  ]
}