{
  "model": "vit",
  "app": "619.lbm-s0.txt.xz",
  "validation": [
    {
      "method": "micro precision f1",
      "threshold": 0.4354144334793091,
      "p": 0.8356154077640686,
      "r": 0.5722575616048606,
      "f1": 0.6793045197832895
    },
    {
      "method": "fixed threshold 0.5",
      "threshold": 0.5,
      "p": 0.8713632811790147,
      "r": 0.5490009932343661,
      "f1": 0.673600871907045
    }
  ]
}