{
  "model": "vit",
  "app": "619.lbm-s0.txt.xz",
  "validation": [
    {
      "method": "micro precision f1",
      "threshold": 0.48717737197875977,
      "p": 0.9724736889905531,
      "r": 0.6027635004975713,
      "f1": 0.7442328670620195
    },
    {
      "method": "fixed threshold 0.5",
      "threshold": 0.5,
      "p": 0.9742700952610449,
      "r": 0.6017817155189769,
      "f1": 0.7440084460356126
    }
  ]
}