{
  "model": "vit",
  "app": "619.lbm-s0.txt.xz",
  "validation": [
    {
      "method": "micro precision f1",
      "threshold": 0.4781624674797058,
      "p": 0.9704894074431566,
      "r": 0.6120432290707581,
      "f1": 0.7506720013293748
    },
    {
      "method": "fixed threshold 0.5",
      "threshold": 0.5,
      "p": 0.9751773591362106,
      "r": 0.609064480088084,
      "f1": 0.7498172015540071
    }
  ]
}