{
  "model": "vitt",
  "app": "619.lbm-s0.txt.xz",
  "validation": [
    {
      "method": "micro precision f1",
      "threshold": 0.4310553967952728,
      "p": 0.9546250786322059,
      "r": 0.6052289352737501,
      "f1": 0.7407958883016648
    },
    {
      "method": "fixed threshold 0.5",
      "threshold": 0.5,
      "p": 0.9689249646293481,
      "r": 0.5965665195102333,
      "f1": 0.7384622652651469
    }
  ]
}