{
  "model": "vit",
  "app": "621.wrf-s2.txt.xz",
  "validation": [
    {
      "method": "micro precision f1",
      "threshold": 0.5371190309524536,
      "p": 0.34183090561523927,
      "r": 0.3563115258408532,
      "f1": 0.3489210398093006
    },
    {
      "method": "fixed threshold 0.5",
      "threshold": 0.5,
      "p": 0.26753283039955295,
      "r": 0.41951767469609963,
      "f1": 0.32671470315988166
    }
  ]
}