{
  "model": "vit",
  "app": "621.wrf-s2.txt.xz",
  "validation": [
    {
      "method": "micro precision f1",
      "threshold": 0.1696370393037796,
      "p": 0.5829022231643102,
      "r": 0.6472868036393467,
      "f1": 0.6134096608659066
    },
    {
      "method": "fixed threshold 0.5",
      "threshold": 0.5,
      "p": 0.8765697355550404,
      "r": 0.3613035088373481,
      "f1": 0.5116965289157999
    }
  ]
}