{
  "model": "vitt",
  "app": "621.wrf-s2.txt.xz",
  "validation": [
    {
      "method": "micro precision f1",
      "threshold": 0.351004421710968,
      "p": 0.6751497835456121,
      "r": 0.653138750093221,
      "f1": 0.6639618946986865
    },
    {
      "method": "fixed threshold 0.5",
      "threshold": 0.5,
      "p": 0.7320414680770447,
      "r": 0.598849187113133,
      "f1": 0.6587805487722806
    }
  ]
}