{
  "model": "vit",
  "app": "621.wrf-s2.txt.xz",
  "validation": [
    {
      "method": "micro precision f1",
      "threshold": 0.3249944746494293,
      "p": 0.5949787642969763,
      "r": 0.574280800208815,
      "f1": 0.5844465869511852
    },
    {
      "method": "fixed threshold 0.5",
      "threshold": 0.5,
      "p": 0.8312444872925684,
      "r": 0.3777686628383921,
      "f1": 0.5194618742108535
    }
  ]
}