{
  "model": "vit",
  "app": "621.wrf-s2.txt.xz",
  "validation": [
    {
      "method": "micro precision f1",
      "threshold": 0.3629020154476166,
      "p": 0.7148966147519135,
      "r": 0.43753029681557165,
      "f1": 0.5428351679490182
    },
    {
      "method": "fixed threshold 0.5",
      "threshold": 0.5,
      "p": 0.8915993300619987,
      "r": 0.35358481243940637,
      "f1": 0.5063604187213081
    }
  ]
}