{
  "model": "vit",
  "app": "621.wrf-s2.txt.xz",
  "validation": [
    {
      "method": "micro precision f1",
      "threshold": 0.1604890078306198,
      "p": 0.641186514265661,
      "r": 0.6642600119322842,
      "f1": 0.6525193534466477
    },
    {
      "method": "fixed threshold 0.5",
      "threshold": 0.5,
      "p": 0.8857488736488068,
      "r": 0.3614992728764263,
      "f1": 0.5134464615837845
    }
  ]
}