{
  "model": "vit",
  "app": "pr-3.txt.xz",
  "validation": [
    {
      "method": "micro precision f1",
      "threshold": 0.46683916449546814,
      "p": 0.993975732358148,
      "r": 0.997605874556127,
      "f1": 0.9957874950483001
    },
    {
      "method": "fixed threshold 0.5",
      "threshold": 0.5,
      "p": 0.9944484811373844,
      "r": 0.9969604377038875,
      "f1": 0.9957028751338196
    }
  ]
}