{
  "model": "rs",
  "app": "410.bwaves-s0.txt.xz",
  "validation": [
    {
      "method": "sampled train data",
      "threshold": 0.5040299296379089,
      "p": 0.741606341899525,
      "r": 0.9975487108041692,
      "f1": 0.8507446752789413
    },
    {
      "method": "micro precision f1",
      "threshold": 0.6211675405502319,
      "p": 0.9554929564521414,
      "r": 0.9556075777425546,
      "f1": 0.955550263660051
    },
    {
      "method": "fixed threshold 0.5",
      "threshold": 0.5,
      "p": 0.21378542614365054,
      "r": 0.9999979894909736,
      "f1": 0.35226218050498664
    }
  ]
}