{
  "model": "vitt",
  "app": "410.bwaves-s0.txt.xz",
  "validation": [
    {
      "method": "micro precision f1",
      "threshold": 0.4776618182659149,
      "p": 0.9679621019960956,
      "r": 0.9696071220913443,
      "f1": 0.968783913722576
    },
    {
      "method": "fixed threshold 0.5",
      "threshold": 0.5,
      "p": 0.9694238882597032,
      "r": 0.9680460841204626,
      "f1": 0.9687344962872009
    }
  ]
}