{
  "model": "rs",
  "app": "410.bwaves-s0.txt.xz",
  "validation": [
    {
      "method": "sampled train data",
      "threshold": 0.4872342050075531,
      "p": 0.1843765251273199,
      "r": 1.0,
      "f1": 0.31134782092628777
    },
    {
      "method": "micro precision f1",
      "threshold": 0.6177967190742493,
      "p": 0.9575879296296698,
      "r": 0.9571837210807425,
      "f1": 0.9573857826909671
    },
    {
      "method": "fixed threshold 0.5",
      "threshold": 0.5,
      "p": 0.23771649679169732,
      "r": 0.9999976065368733,
      "f1": 0.38412090027372375
    }
  ]
}