{
  "model": "rs",
  "app": "410.bwaves-s0.txt.xz",
  "validation": [
    {
      "method": "sampled train data",
      "threshold": 0.43525633215904236,
      "p": 0.1843765251273199,
      "r": 1.0,
      "f1": 0.31134782092628777
    },
    {
      "method": "micro precision f1",
      "threshold": 0.6016982793807983,
      "p": 0.9588149531096862,
      "r": 0.9634942302220483,
      "f1": 0.961148896527311
    },
    {
      "method": "fixed threshold 0.5",
      "threshold": 0.5,
      "p": 0.23422879653341944,
      "r": 0.9999982767065487,
      "f1": 0.37955478042398727
    }
  ]
}