{
  "model": "rs",
  "app": "410.bwaves-s0.txt.xz",
  "validation": [
    {
      "method": "sampled train data",
      "threshold": 0.47705554962158203,
      "p": 0.1843765251273199,
      "r": 1.0,
      "f1": 0.31134782092628777
    },
    {
      "method": "micro precision f1",
      "threshold": 0.6122684478759766,
      "p": 0.9563675987995561,
      "r": 0.9576508293445473,
      "f1": 0.9570087839088393
    },
    {
      "method": "fixed threshold 0.5",
      "threshold": 0.5,
      "p": 0.2282381067568161,
      "r": 0.9999976065368733,
      "f1": 0.3716510731727086
    }
  ]
}