{
  "model": "rs",
  "app": "410.bwaves-s0.txt.xz",
  "validation": [
    {
      "method": "sampled train data",
      "threshold": 0.5004702210426331,
      "p": 0.5657920046016557,
      "r": 0.9997244645248554,
      "f1": 0.7226191739118972
    },
    {
      "method": "micro precision f1",
      "threshold": 0.6163961291313171,
      "p": 0.9547174623717001,
      "r": 0.9582652791984311,
      "f1": 0.9564880808954178
    },
    {
      "method": "fixed threshold 0.5",
      "threshold": 0.5,
      "p": 0.2123409393343722,
      "r": 0.9999977022753984,
      "f1": 0.35029890848223977
    }
  ]
}