{
  "model": "rs",
  "app": "410.bwaves-s0.txt.xz",
  "validation": [
    {
      "method": "sampled train data",
      "threshold": 0.48992908000946045,
      "p": 0.1843765251273199,
      "r": 1.0,
      "f1": 0.31134782092628777
    },
    {
      "method": "micro precision f1",
      "threshold": 0.6145022511482239,
      "p": 0.9574499497116347,
      "r": 0.956779513027907,
      "f1": 0.9571146139634318
    },
    {
      "method": "fixed threshold 0.5",
      "threshold": 0.5,
      "p": 0.220638550920304,
      "r": 0.9999976065368733,
      "f1": 0.36151316914894605
    }
  ]
}