{
  "model": "rs",
  "app": "410.bwaves-s0.txt.xz",
  "validation": [
    {
      "method": "sampled train data",
      "threshold": 0.44199761748313904,
      "p": 0.1843765251273199,
      "r": 1.0,
      "f1": 0.31134782092628777
    },
    {
      "method": "micro precision f1",
      "threshold": 0.6052125692367554,
      "p": 0.9525979801472598,
      "r": 0.9537088913134139,
      "f1": 0.9531531120354383
    },
    {
      "method": "fixed threshold 0.5",
      "threshold": 0.5,
      "p": 0.21535297438047374,
      "r": 0.9999999042614749,
      "f1": 0.3543875322919148
    }
  ]
}