{
  "model": {
    "name": "ResNet-tiny",
    "layer": 8,
    "dim": 4,
    "f1": [
      0.971167802946998,
      0.9276516185954666,
      0.9489110698054215
    ],
    "num_param": 9324
  },
  "estimator": {
    "method": "PQ_KMEANS",
    "N_SUBSPACE": [
      2,
      2,
      2,
      2,
      2
    ],
    "K_CLUSTER": [
      16,
      16,
      16,
      16,
      16
    ],
    "cossim_layer_train": [
      0.9201687160561105,
      0.7735694716061358,
      0.587286042260439,
      0.3925293385439336,
      0.41683606395194506
    ],
    "cossim_layer_test": [
      0.9113874046179479,
      0.7271513941312878,
      0.5574078643332181,
      0.37725032203054365,
      0.4244588174233903
    ],
    "cossim_amm_train": [
      0.9009475456241489,
      0.7307486274123542,
      0.6024702349766172,
      0.5703625762277322,
      0.47018598598524186,
      0.6283535935945426,
      0.43292798431333174,
      0.1451655307579855,
      0.19472261991054604,
      0.7863982655510161
    ],
    "cossim_amm_test": [
      0.8538252706560557,
      0.6044529869736294,
      0.5247570557699082,
      0.46742631460867456,
      0.35737209795567,
      0.4201734395663935,
      0.4243950464758447,
      0.11582533403753238,
      0.08833638308263393,
      0.7829476367136832
    ],
    "f1": [
      0.8243034055727554,
      0.11186269772913472,
      0.19699239775817104
    ],
    "lut_num": 10,
    "lut_shapes": [
      [
        4,
        2,
        16
      ],
      [
        4,
        2,
        16
      ],
      [
        4,
        2,
        16
      ],
      [
        8,
        2,
        16
      ],
      [
        8,
        2,
        16
      ],
      [
        8,
        1,
        16
      ],
      [
        16,
        2,
        16
      ],
      [
        16,
        2,
        16
      ],
      [
        16,
        1,
        16
      ],
      [
        256,
        2,
        16
      ]
    ],
    "lut_total_size": 10496
  }
}