{
  "model": "rs",
  "app": "410.bwaves-s0.txt.xz",
  "validation": [
    {
      "method": "sampled train data",
      "threshold": 0.4894992709159851,
      "p": 0.1843765251273199,
      "r": 1.0,
      "f1": 0.31134782092628777
    },
    {
      "method": "micro precision f1",
      "threshold": 0.6151707172393799,
      "p": 0.9567352412120146,
      "r": 0.9583348811061553,
      "f1": 0.9575343930770756
    },
    {
      "method": "fixed threshold 0.5",
      "threshold": 0.5,
      "p": 0.22911683365066116,
      "r": 0.9999977980139234,
      "f1": 0.3728152333981938
    }
  ]
}