{
  "model": {
    "name": "ResNet-tiny",
    "layer": 8,
    "dim": 4,
    "f1": [
      0.9761341802729766,
      0.9377675716108441,
      0.9565663220694913
    ],
    "num_param": 9324
  },
  "estimator": {
    "method": "PQ_KMEANS",
    "N_SUBSPACE": [
      2,
      2,
      2,
      2,
      2
    ],
    "K_CLUSTER": [
      2048,
      2048,
      2048,
      2048,
      2048
    ],
    "cossim_layer_train": [
      0.9940151266405234,
      0.9733518180948538,
      0.9613825475082981,
      0.7873037988344088,
      0.8876591959312906
    ],
    "cossim_layer_test": [
      0.9916485536208859,
      0.9653647054483309,
      0.9566465206069551,
      0.7850425254412039,
      0.890128678229141
    ],
    "cossim_amm_train": [
      0.9929043821235863,
      0.9651857615662445,
      0.9648792680149963,
      0.9539310595365516,
      0.9476648249766266,
      0.9636229973537889,
      0.928072265840624,
      0.692700985370689,
      0.9275115954051436,
      0.9388191528797551
    ],
    "cossim_amm_test": [
      0.9899834291660665,
      0.9586377578466209,
      0.9489837483997655,
      0.9429041658721145,
      0.9391054379828351,
      0.9575678643280515,
      0.9228086867299131,
      0.6903599415610135,
      0.9235679194875746,
      0.9399958752634342
    ],
    "f1": [
      0.826563118473617,
      0.8526705486141302,
      0.839413884448134
    ],
    "lut_num": 10,
    "lut_shapes": [
      [
        4,
        2,
        2048
      ],
      [
        4,
        2,
        2048
      ],
      [
        4,
        2,
        2048
      ],
      [
        8,
        2,
        2048
      ],
      [
        8,
        2,
        2048
      ],
      [
        8,
        1,
        2048
      ],
      [
        16,
        2,
        2048
      ],
      [
        16,
        2,
        2048
      ],
      [
        16,
        1,
        2048
      ],
      [
        256,
        2,
        2048
      ]
    ],
    "lut_total_size": 1343488
  }
}