{
  "model": "rs",
  "app": "410.bwaves-s0.txt.xz",
  "validation": [
    {
      "method": "sampled train data",
      "threshold": 0.4697144627571106,
      "p": 0.1843765251273199,
      "r": 1.0,
      "f1": 0.31134782092628777
    },
    {
      "method": "micro precision f1",
      "threshold": 0.6166394948959351,
      "p": 0.9566440410711352,
      "r": 0.957115076558269,
      "f1": 0.9568795008464792
    },
    {
      "method": "fixed threshold 0.5",
      "threshold": 0.5,
      "p": 0.22425275414498222,
      "r": 0.9999981809680237,
      "f1": 0.3663502959895257
    }
  ]
}