{
  "model": "vit",
  "app": "410.bwaves-s0.txt.xz",
  "validation": [
    {
      "method": "micro precision f1",
      "threshold": 0.41312146186828613,
      "p": 0.8861110244795312,
      "r": 0.9354169634846495,
      "f1": 0.910096676313287
    },
    {
      "method": "fixed threshold 0.5",
      "threshold": 0.5,
      "p": 0.9008575483106878,
      "r": 0.9161704511761694,
      "f1": 0.9084494754228803
    }
  ]
}