{
  "model": "rs",
  "app": "410.bwaves-s0.txt.xz",
  "validation": [
    {
      "method": "sampled train data",
      "threshold": 0.4737774133682251,
      "p": 0.1843765251273199,
      "r": 1.0,
      "f1": 0.31134782092628777
    },
    {
      "method": "micro precision f1",
      "threshold": 0.6153234243392944,
      "p": 0.9576156184063951,
      "r": 0.9573240737584915,
      "f1": 0.9574698238889815
    },
    {
      "method": "fixed threshold 0.5",
      "threshold": 0.5,
      "p": 0.2120116918813157,
      "r": 0.9999993298303246,
      "f1": 0.3498508610888696
    }
  ]
}