{
  "model": "rs",
  "app": "410.bwaves-s0.txt.xz",
  "validation": [
    {
      "method": "micro precision f1",
      "threshold": 0.44620245695114136,
      "p": 0.9600981777976623,
      "r": 0.9612979884569975,
      "f1": 0.960697708518063
    },
    {
      "method": "fixed threshold 0.5",
      "threshold": 0.5,
      "p": 0.9657706728329789,
      "r": 0.9548568919674995,
      "f1": 0.9602827741467488
    }
  ]
}