{
  "model": "vit",
  "app": "410.bwaves-s0.txt.xz",
  "validation": [
    {
      "method": "micro precision f1",
      "threshold": 0.5335065126419067,
      "p": 0.4426783482111654,
      "r": 0.5823390638421428,
      "f1": 0.5029941771702691
    },
    {
      "method": "fixed threshold 0.5",
      "threshold": 0.5,
      "p": 0.35970541681594925,
      "r": 0.6743670832476378,
      "f1": 0.46916148094380467
    }
  ]
}