{
  "model": "rs",
  "app": "410.bwaves-s0.txt.xz",
  "validation": [
    {
      "method": "sampled train data",
      "threshold": 0.47282105684280396,
      "p": 0.1843765251273199,
      "r": 1.0,
      "f1": 0.31134782092628777
    },
    {
      "method": "micro precision f1",
      "threshold": 0.6161434054374695,
      "p": 0.9581469899212951,
      "r": 0.9564428006352442,
      "f1": 0.9572941368230807
    },
    {
      "method": "fixed threshold 0.5",
      "threshold": 0.5,
      "p": 0.22127104394811384,
      "r": 0.9999976065368733,
      "f1": 0.3623617363078283
    }
  ]
}