{
  "model": "rs",
  "app": "410.bwaves-s0.txt.xz",
  "validation": [
    {
      "method": "sampled train data",
      "threshold": 0.43189942836761475,
      "p": 0.1843765251273199,
      "r": 1.0,
      "f1": 0.31134782092628777
    },
    {
      "method": "micro precision f1",
      "threshold": 0.6046172976493835,
      "p": 0.9564550653272786,
      "r": 0.959586470844364,
      "f1": 0.9580182092424124
    },
    {
      "method": "fixed threshold 0.5",
      "threshold": 0.5,
      "p": 0.22862429483056507,
      "r": 0.9999977980139234,
      "f1": 0.3721629176856889
    }
  ]
}