{
  "model": "rs",
  "app": "410.bwaves-s0.txt.xz",
  "validation": [
    {
      "method": "sampled train data",
      "threshold": 0.4915590286254883,
      "p": 0.1843765251273199,
      "r": 1.0,
      "f1": 0.31134782092628777
    },
    {
      "method": "micro precision f1",
      "threshold": 0.6205176711082458,
      "p": 0.9582687678805404,
      "r": 0.9561108751688349,
      "f1": 0.9571886053341132
    },
    {
      "method": "fixed threshold 0.5",
      "threshold": 0.5,
      "p": 0.2336101188142453,
      "r": 0.9999977022753984,
      "f1": 0.3787420573196126
    }
  ]
}