{
  "model": "vitt",
  "app": "410.bwaves-s0.txt.xz",
  "validation": [
    {
      "method": "micro precision f1",
      "threshold": 0.46261271834373474,
      "p": 0.9713932697682033,
      "r": 0.9705607510555669,
      "f1": 0.9709768319608508
    },
    {
      "method": "fixed threshold 0.5",
      "threshold": 0.5,
      "p": 0.9737860169048037,
      "r": 0.9680293260098963,
      "f1": 0.9708991383364793
    }
  ]
}