{
  "model": {
    "name": "ResNet-tiny",
    "layer": 8,
    "dim": 4,
    "f1": [
      0.9761341802729766,
      0.9377675716108441,
      0.9565663220694913
    ],
    "num_param": 9324
  },
  "estimator": {
    "method": "PQ_KMEANS",
    "N_SUBSPACE": [
      4,
      4,
      4,
      4,
      4
    ],
    "K_CLUSTER": [
      16,
      16,
      16,
      16,
      16
    ],
    "cossim_layer_train": [
      0.9504373129692393,
      0.8377918081433833,
      0.6303482519999383,
      0.4306158598134588,
      0.6060088627187533
    ],
    "cossim_layer_test": [
      0.9494443540180922,
      0.8375925371738382,
      0.6230167364264436,
      0.42549750302556044,
      0.6026533274908127
    ],
    "cossim_amm_train": [
      0.941121851300375,
      0.8020549774744213,
      0.7192109990661386,
      0.6547574004468452,
      0.5542800555703324,
      0.6228027624749162,
      0.564901692023429,
      0.16578253494723194,
      0.391415313618352,
      0.8307009422794244
    ],
    "cossim_amm_test": [
      0.937429335102127,
      0.8041910827602154,
      0.7088271343588899,
      0.6542395791257197,
      0.5460707976671735,
      0.6312486628031304,
      0.560805879649395,
      0.15957024952515791,
      0.382459518940338,
      0.8328750183541259
    ],
    "f1": [
      0.8815561691193404,
      0.13046364989673148,
      0.22729008513708357
    ],
    "lut_num": 10,
    "lut_shapes": [
      [
        4,
        4,
        16
      ],
      [
        4,
        4,
        16
      ],
      [
        4,
        4,
        16
      ],
      [
        8,
        4,
        16
      ],
      [
        8,
        4,
        16
      ],
      [
        8,
        1,
        16
      ],
      [
        16,
        4,
        16
      ],
      [
        16,
        4,
        16
      ],
      [
        16,
        1,
        16
      ],
      [
        256,
        4,
        16
      ]
    ],
    "lut_total_size": 20608
  }
}