{
  "model": "rs",
  "app": "410.bwaves-s0.txt.xz",
  "validation": [
    {
      "method": "sampled train data",
      "threshold": 0.48328667879104614,
      "p": 0.1843765251273199,
      "r": 1.0,
      "f1": 0.31134782092628777
    },
    {
      "method": "micro precision f1",
      "threshold": 0.6186423897743225,
      "p": 0.9571963043526891,
      "r": 0.9586081188566982,
      "f1": 0.9579016914001859
    },
    {
      "method": "fixed threshold 0.5",
      "threshold": 0.5,
      "p": 0.2225462792621039,
      "r": 0.9999976065368733,
      "f1": 0.3640699515017389
    }
  ]
}