{
  "model": "rt",
  "app": "410.bwaves-s0.txt.xz",
  "validation": [
    {
      "method": "sampled train data",
      "threshold": 0.5099101662635803,
      "p": 0.8499951390354618,
      "r": 0.9935768066146896,
      "f1": 0.9161947358480014
    },
    {
      "method": "micro precision f1",
      "threshold": 0.6179879307746887,
      "p": 0.9555155026284733,
      "r": 0.9592669913862134,
      "f1": 0.9573875720030169
    },
    {
      "method": "fixed threshold 0.5",
      "threshold": 0.5,
      "p": 0.29655356528483,
      "r": 0.9999997127844248,
      "f1": 0.45744896893344156
    }
  ]
}