{
  "model": "rs",
  "app": "410.bwaves-s0.txt.xz",
  "validation": [
    {
      "method": "sampled train data",
      "threshold": 0.479800820350647,
      "p": 0.1843765251273199,
      "r": 1.0,
      "f1": 0.31134782092628777
    },
    {
      "method": "micro precision f1",
      "threshold": 0.6172587275505066,
      "p": 0.9581976332974661,
      "r": 0.9573339348265735,
      "f1": 0.9577655893445166
    },
    {
      "method": "fixed threshold 0.5",
      "threshold": 0.5,
      "p": 0.22604679999247743,
      "r": 0.9999977980139234,
      "f1": 0.36874074990115663
    }
  ]
}