{
  "model": "vit",
  "app": "410.bwaves-s0.txt.xz",
  "validation": [
    {
      "method": "micro precision f1",
      "threshold": 0.4660783112049103,
      "p": 0.9431011838371829,
      "r": 0.9429397433211848,
      "f1": 0.943020456669726
    },
    {
      "method": "fixed threshold 0.5",
      "threshold": 0.5,
      "p": 0.9479881500465036,
      "r": 0.9377699587060594,
      "f1": 0.9428513701696525
    }
  ]
}