{
  "model": {
    "name": "ResNet-tiny",
    "layer": 8,
    "dim": 4,
    "f1": [
      0.9376695083347502,
      0.9536054937063408,
      0.945570362283585
    ],
    "num_param": 9324
  },
  "estimator": {
    "method": "PQ_KMEANS",
    "N_SUBSPACE": [
      2,
      2,
      2,
      2,
      2
    ],
    "K_CLUSTER": [
      256,
      256,
      256,
      256,
      256
    ],
    "cossim_layer_train": [
      0.9805666314991753,
      0.962107996172138,
      0.933135183353725,
      0.6432140438925127,
      0.8621093954960328
    ],
    "cossim_layer_test": [
      0.9731067927087921,
      0.9542001144134777,
      0.9295546883831427,
      0.636054058290543,
      0.8632869279489566
    ],
    "cossim_amm_train": [
      0.9819916085013211,
      0.9204213226392357,
      0.9117730302229277,
      0.9359821183645464,
      0.9058557942067449,
      0.9661467429884822,
      0.8588062122772754,
      0.5047390542892203,
      0.8706080607717464,
      0.9164537270625038
    ],
    "cossim_amm_test": [
      0.9763989780116569,
      0.9138894033134322,
      0.9034379040673965,
      0.9209103197071544,
      0.8915317772125241,
      0.9584819211652623,
      0.8511940282631546,
      0.4919556005485856,
      0.8628792441184179,
      0.9210170965522126
    ],
    "f1": [
      0.7762781728254897,
      0.8219228967873597,
      0.7984487267000581
    ],
    "lut_num": 10,
    "lut_shapes": [
      [
        4,
        2,
        256
      ],
      [
        4,
        2,
        256
      ],
      [
        4,
        2,
        256
      ],
      [
        8,
        2,
        256
      ],
      [
        8,
        2,
        256
      ],
      [
        8,
        1,
        256
      ],
      [
        16,
        2,
        256
      ],
      [
        16,
        2,
        256
      ],
      [
        16,
        1,
        256
      ],
      [
        256,
        2,
        256
      ]
    ],
    "lut_total_size": 167936
  }
}