{
  "model": {
    "name": "ResNet-tiny",
    "layer": 8,
    "dim": 4,
    "f1": [
      0.9761341802729766,
      0.9377675716108441,
      0.9565663220694913
    ],
    "num_param": 9324
  },
  "estimator": {
    "method": "PQ_KMEANS",
    "N_SUBSPACE": [
      3,
      4,
      8,
      16,
      4
    ],
    "K_CLUSTER": [
      32,
      32,
      32,
      32,
      32
    ],
    "cossim_layer_train": [
      0.973239155203852,
      0.8933278074253256,
      0.8092414264444445,
      0.514112211840961,
      0.7018726758322343
    ],
    "cossim_layer_test": [
      0.9670930452303433,
      0.8816300313520751,
      0.7898243208501691,
      0.506395038052807,
      0.702342089262233
    ],
    "cossim_amm_train": [
      0.9672459703745576,
      0.8640213299528866,
      0.8360109531664223,
      0.8143269287334938,
      0.7553144477196048,
      0.8009708477326676,
      0.7258121644786786,
      0.29953909703671355,
      0.6540132808298695,
      0.8366849439387761
    ],
    "cossim_amm_test": [
      0.9637066945378078,
      0.8464627945829438,
      0.8007764432439989,
      0.7800553899579411,
      0.7302768246647955,
      0.7741927668317093,
      0.7093881885627947,
      0.28478135915929476,
      0.6362034287741994,
      0.8384239753198057
    ],
    "f1": [
      0.8453606333433545,
      0.383619650973217,
      0.52774963967793
    ],
    "lut_num": 10,
    "lut_shapes": [
      [
        4,
        3,
        32
      ],
      [
        4,
        4,
        32
      ],
      [
        4,
        4,
        32
      ],
      [
        8,
        8,
        32
      ],
      [
        8,
        8,
        32
      ],
      [
        8,
        1,
        32
      ],
      [
        16,
        16,
        32
      ],
      [
        16,
        16,
        32
      ],
      [
        16,
        1,
        32
      ],
      [
        256,
        4,
        32
      ]
    ],
    "lut_total_size": 55424
  }
}