{
  "model": "rs",
  "app": "410.bwaves-s0.txt.xz",
  "validation": [
    {
      "method": "sampled train data",
      "threshold": 0.4495594799518585,
      "p": 0.1843765251273199,
      "r": 1.0,
      "f1": 0.31134782092628777
    },
    {
      "method": "micro precision f1",
      "threshold": 0.6096462607383728,
      "p": 0.9575165867284918,
      "r": 0.9575010942913416,
      "f1": 0.95750884044725
    },
    {
      "method": "fixed threshold 0.5",
      "threshold": 0.5,
      "p": 0.22203060283285117,
      "r": 0.9999978937524485,
      "f1": 0.36337963607535156
    }
  ]
}