{
  "model": "rs",
  "app": "410.bwaves-s0.txt.xz",
  "validation": [
    {
      "method": "sampled train data",
      "threshold": 0.5057468414306641,
      "p": 0.786091050029574,
      "r": 0.9966595871218663,
      "f1": 0.8789397294671853
    },
    {
      "method": "micro precision f1",
      "threshold": 0.6251615285873413,
      "p": 0.9600701077455577,
      "r": 0.9558176280665528,
      "f1": 0.957939148531563
    },
    {
      "method": "fixed threshold 0.5",
      "threshold": 0.5,
      "p": 0.22856380536506796,
      "r": 0.9999977980139234,
      "f1": 0.3720827697074671
    }
  ]
}