{
  "model": {
    "name": "ResNet-tiny",
    "layer": 8,
    "dim": 4,
    "f1": [
      0.971167802946998,
      0.9276516185954666,
      0.9489110698054215
    ],
    "num_param": 9324
  },
  "estimator": {
    "method": "PQ_KMEANS",
    "N_SUBSPACE": [
      2,
      2,
      2,
      2,
      2
    ],
    "K_CLUSTER": [
      256,
      256,
      256,
      256,
      256
    ],
    "cossim_layer_train": [
      0.9863526405757344,
      0.9506817705897829,
      0.9374418964496307,
      0.734246167491512,
      0.8740014401837574
    ],
    "cossim_layer_test": [
      0.9801037026142444,
      0.9507304765683015,
      0.9510959662185774,
      0.7538548565580161,
      0.8870018681045962
    ],
    "cossim_amm_train": [
      0.9820028015743029,
      0.917801808196519,
      0.9312505473959348,
      0.9160862483402176,
      0.9121885897403448,
      0.9329251930307932,
      0.8938110453525805,
      0.6002168159790485,
      0.8791672916883421,
      0.9186151183331789
    ],
    "cossim_amm_test": [
      0.969472565223185,
      0.9129085796163505,
      0.9322718971880177,
      0.9169340211930558,
      0.9257002862298775,
      0.9363675909461041,
      0.9080111737049487,
      0.6343927135292406,
      0.9123570136821321,
      0.9292279757697545
    ],
    "f1": [
      0.8052563468199292,
      0.8888725500493666,
      0.8450009485866059
    ],
    "lut_num": 10,
    "lut_shapes": [
      [
        4,
        2,
        256
      ],
      [
        4,
        2,
        256
      ],
      [
        4,
        2,
        256
      ],
      [
        8,
        2,
        256
      ],
      [
        8,
        2,
        256
      ],
      [
        8,
        1,
        256
      ],
      [
        16,
        2,
        256
      ],
      [
        16,
        2,
        256
      ],
      [
        16,
        1,
        256
      ],
      [
        256,
        2,
        256
      ]
    ],
    "lut_total_size": 167936
  }
}