{
  "model": {
    "name": "ResNet-tiny",
    "layer": 8,
    "dim": 4,
    "f1": [
      0.9761341802729766,
      0.9377675716108441,
      0.9565663220694913
    ],
    "num_param": 9324
  },
  "estimator": {
    "method": "PQ_KMEANS",
    "N_SUBSPACE": [
      3,
      4,
      8,
      16,
      4
    ],
    "K_CLUSTER": [
      64,
      64,
      64,
      64,
      64
    ],
    "cossim_layer_train": [
      0.9834252054480045,
      0.90882720173202,
      0.832797806186376,
      0.5602441911520882,
      0.778419865724801
    ],
    "cossim_layer_test": [
      0.968096744673296,
      0.8851103742795792,
      0.7923871121323788,
      0.547021249118838,
      0.7730498678840096
    ],
    "cossim_amm_train": [
      0.9807364622035621,
      0.9036537414043042,
      0.8596116434470913,
      0.8399476928426425,
      0.7783572037127566,
      0.8213576138696488,
      0.7756636218530243,
      0.3502623485437496,
      0.7053479774284096,
      0.865406251873796
    ],
    "cossim_amm_test": [
      0.9686216159454271,
      0.8811295358836243,
      0.8161349651781786,
      0.8013456105688406,
      0.7221985206147876,
      0.7431864561912982,
      0.7488238695692596,
      0.3245199025959817,
      0.6541354519870113,
      0.8668304414545321
    ],
    "f1": [
      0.853279068335774,
      0.46842754320901253,
      0.6048232098726363
    ],
    "lut_num": 10,
    "lut_shapes": [
      [
        4,
        3,
        64
      ],
      [
        4,
        4,
        64
      ],
      [
        4,
        4,
        64
      ],
      [
        8,
        8,
        64
      ],
      [
        8,
        8,
        64
      ],
      [
        8,
        1,
        64
      ],
      [
        16,
        16,
        64
      ],
      [
        16,
        16,
        64
      ],
      [
        16,
        1,
        64
      ],
      [
        256,
        4,
        64
      ]
    ],
    "lut_total_size": 110848
  }
}