{
  "model": "rs",
  "app": "410.bwaves-s0.txt.xs",
  "validation": [
    {
      "method": "micro precision f1",
      "threshold": 0.4657633304595947,
      "p": 0.9607631728779062,
      "r": 0.9602727245920486,
      "f1": 0.9605178861282553
    },
    {
      "method": "fixed threshold 0.5",
      "threshold": 0.5,
      "p": 0.9643026661287861,
      "r": 0.956368699016842,
      "f1": 0.9603192956376841
    }
  ]
}