{
  "model": "rs",
  "app": "410.bwaves-s0.txt.xz",
  "validation": [
    {
      "method": "sampled train data",
      "threshold": 0.47219836711883545,
      "p": 0.1843765251273199,
      "r": 1.0,
      "f1": 0.31134782092628777
    },
    {
      "method": "micro precision f1",
      "threshold": 0.6154624819755554,
      "p": 0.9588788320395384,
      "r": 0.9576367557813623,
      "f1": 0.9582573914213077
    },
    {
      "method": "fixed threshold 0.5",
      "threshold": 0.5,
      "p": 0.222858469724205,
      "r": 0.9999977980139234,
      "f1": 0.3644876096602419
    }
  ]
}