{
  "model": {
    "name": "ResNet-tiny",
    "layer": 8,
    "dim": 4,
    "f1": [
      0.971167802946998,
      0.9276516185954666,
      0.9489110698054215
    ],
    "num_param": 9324
  },
  "estimator": {
    "method": "PQ_KMEANS",
    "N_SUBSPACE": [
      1,
      1,
      1,
      1,
      1
    ],
    "K_CLUSTER": [
      256,
      256,
      256,
      256,
      256
    ],
    "cossim_layer_train": [
      0.9497672426620728,
      0.9356915492360185,
      0.9200852747751137,
      0.6587696152231889,
      0.8384708741027697
    ],
    "cossim_layer_test": [
      0.9288355414670288,
      0.9323868350840914,
      0.9283805057988133,
      0.6769352561014343,
      0.8556435093252397
    ],
    "cossim_amm_train": [
      0.9462241232083135,
      0.8497785424266718,
      0.9146706258685303,
      0.8739126407284877,
      0.8912941927944008,
      0.9140238320544958,
      0.8660976744718005,
      0.4814939232204607,
      0.832720675406987,
      0.887377564870437
    ],
    "cossim_amm_test": [
      0.9114187013496923,
      0.7577050302980042,
      0.9109251792331842,
      0.8645015248894039,
      0.8972071634118393,
      0.913326427118219,
      0.8734052979106323,
      0.5108864526400206,
      0.8373605715563552,
      0.9003767319596889
    ],
    "f1": [
      0.7584986657384848,
      0.8240026889061614,
      0.7898949827320598
    ],
    "lut_num": 10,
    "lut_shapes": [
      [
        4,
        1,
        256
      ],
      [
        4,
        1,
        256
      ],
      [
        4,
        1,
        256
      ],
      [
        8,
        1,
        256
      ],
      [
        8,
        1,
        256
      ],
      [
        8,
        1,
        256
      ],
      [
        16,
        1,
        256
      ],
      [
        16,
        1,
        256
      ],
      [
        16,
        1,
        256
      ],
      [
        256,
        1,
        256
      ]
    ],
    "lut_total_size": 87040
  }
}