{
  "model": "rs",
  "app": "410.bwaves-s0.txt.xz",
  "validation": [
    {
      "method": "sampled train data",
      "threshold": 0.5389912724494934,
      "p": 0.8944459729872524,
      "r": 0.9875538960026868,
      "f1": 0.9386967767022699
    },
    {
      "method": "micro precision f1",
      "threshold": 0.6307271122932434,
      "p": 0.9596387647404377,
      "r": 0.9566823384249634,
      "f1": 0.9581582710524325
    },
    {
      "method": "fixed threshold 0.5",
      "threshold": 0.5,
      "p": 0.22941772849302625,
      "r": 0.9999977980139234,
      "f1": 0.37321347969341023
    }
  ]
}