{
  "model": "mix",
  "app": "410.bwaves-s0.txt.xz",
  "validation": [
    {
      "method": "micro precision f1",
      "threshold": 0.46303030848503113,
      "p": 0.9666951925371804,
      "r": 0.9667297136767079,
      "f1": 0.9667124527987581
    },
    {
      "method": "fixed threshold 0.5",
      "threshold": 0.5,
      "p": 0.9700204792793484,
      "r": 0.9632253964436585,
      "f1": 0.9666109959892036
    }
  ]
}