{
  "model": {
    "name": "MLP",
    "threshold": 0.45893993973731995,
    "layer": 3,
    "dim": 16,
    "f1": [
      0.8262830409049485,
      0.9395628540650003,
      0.8792894718498327
    ],
    "num_param": 6240
  },
  "estimator": {
    "method": "PQ_KMEANS",
    "N_SUBSPACE": [
      2,
      2,
      2
    ],
    "K_CLUSTER": [
      16,
      16,
      16
    ],
    "cossim_train": [
      0.9815456867218018,
      0.9902111887931824,
      0.988913893699646
    ],
    "cossim_test": [
      0.9757953882217407,
      0.9698711633682251,
      0.9283744096755981
    ],
    "f1": [
      0.6981704104805628,
      0.962383567592739,
      0.809257319302042
    ],
    "lut_size": 9216
  }
}