{
  "model": "vit",
  "app": "410.bwaves-s0.txt.xz",
  "validation": [
    {
      "method": "micro precision f1",
      "threshold": 0.47770756483078003,
      "p": 0.8792827685240046,
      "r": 0.9280359185056546,
      "f1": 0.9030017755800234
    },
    {
      "method": "fixed threshold 0.5",
      "threshold": 0.5,
      "p": 0.883848158833352,
      "r": 0.9225615038948937,
      "f1": 0.9027899965908217
    }
  ]
}