{
  "model": {
    "name": "ResNet-tiny",
    "layer": 8,
    "dim": 4,
    "f1": [
      0.9761341802729766,
      0.9377675716108441,
      0.9565663220694913
    ],
    "num_param": 9324
  },
  "estimator": {
    "method": "PQ_KMEANS",
    "N_SUBSPACE": [
      3,
      4,
      8,
      16,
      4
    ],
    "K_CLUSTER": [
      2048,
      2048,
      2048,
      2048,
      2048
    ],
    "cossim_layer_train": [
      0.9980716997007902,
      0.97774256275659,
      0.9600452686112625,
      0.789445275528008,
      0.9008561260298255
    ],
    "cossim_layer_test": [
      0.9944427360475931,
      0.9517113835381003,
      0.9021594007807603,
      0.7110111404327291,
      0.8711100953259129
    ],
    "cossim_amm_train": [
      0.9979092257471179,
      0.9781152494468301,
      0.9714559889894213,
      0.961600387734018,
      0.9507160125842458,
      0.9671357329203982,
      0.9327630789890892,
      0.7058253110876518,
      0.9186943474379129,
      0.942262195522383
    ],
    "cossim_amm_test": [
      0.9946284627637999,
      0.9674141506299886,
      0.9234936863898657,
      0.9105021987435241,
      0.8645162261940604,
      0.905778835030181,
      0.8722705361054942,
      0.5839880508136566,
      0.8208193801417429,
      0.9316194683089866
    ],
    "f1": [
      0.8779871106143097,
      0.6974676453583359,
      0.7773851967168316
    ],
    "lut_num": 10,
    "lut_shapes": [
      [
        4,
        3,
        2048
      ],
      [
        4,
        4,
        2048
      ],
      [
        4,
        4,
        2048
      ],
      [
        8,
        8,
        2048
      ],
      [
        8,
        8,
        2048
      ],
      [
        8,
        1,
        2048
      ],
      [
        16,
        16,
        2048
      ],
      [
        16,
        16,
        2048
      ],
      [
        16,
        1,
        2048
      ],
      [
        256,
        4,
        2048
      ]
    ],
    "lut_total_size": 3547136
  }
}