{
  "model": "rs",
  "app": "410.bwaves-s0.txt.xz",
  "validation": [
    {
      "method": "sampled train data",
      "threshold": 0.5035766363143921,
      "p": 0.745385819125955,
      "r": 0.9977432514871065,
      "f1": 0.8532973069235186
    },
    {
      "method": "micro precision f1",
      "threshold": 0.6221732497215271,
      "p": 0.9584627120440888,
      "r": 0.9555957061654461,
      "f1": 0.9570270619073179
    },
    {
      "method": "fixed threshold 0.5",
      "threshold": 0.5,
      "p": 0.22529501467014462,
      "r": 0.9999977980139234,
      "f1": 0.3677398842814392
    }
  ]
}