{
  "model": {
    "name": "ResNet-tiny",
    "layer": 8,
    "dim": 4,
    "f1": [
      0.9761341802729766,
      0.9377675716108441,
      0.9565663220694913
    ],
    "num_param": 9324
  },
  "estimator": {
    "method": "PQ_KMEANS",
    "N_SUBSPACE": [
      1,
      4,
      8,
      16,
      4
    ],
    "K_CLUSTER": [
      256,
      256,
      256,
      256,
      256
    ],
    "cossim_layer_train": [
      0.945279973618992,
      0.9349847205867415,
      0.9168200893264261,
      0.6435443751229809,
      0.7955428450048371
    ],
    "cossim_layer_test": [
      0.9422988417980179,
      0.926846313499852,
      0.9044068328533799,
      0.6315628444604995,
      0.7922495813076275
    ],
    "cossim_amm_train": [
      0.9396880548551819,
      0.8412884333188165,
      0.9088892760545688,
      0.8745040721747722,
      0.8871322139167297,
      0.9182115538033438,
      0.8525338314419814,
      0.4813932686017763,
      0.8365210081364883,
      0.9074917162613236
    ],
    "cossim_amm_test": [
      0.9355888478823793,
      0.838688218756241,
      0.8923047189300081,
      0.8621525601894469,
      0.8699926848634502,
      0.9088984048139309,
      0.8349910043023543,
      0.46327695630127647,
      0.8290712680142022,
      0.9072723927467722
    ],
    "f1": [
      0.8184055742453964,
      0.6040144561550913,
      0.6950532012726904
    ],
    "lut_num": 10,
    "lut_shapes": [
      [
        4,
        1,
        256
      ],
      [
        4,
        4,
        256
      ],
      [
        4,
        4,
        256
      ],
      [
        8,
        8,
        256
      ],
      [
        8,
        8,
        256
      ],
      [
        8,
        1,
        256
      ],
      [
        16,
        16,
        256
      ],
      [
        16,
        16,
        256
      ],
      [
        16,
        1,
        256
      ],
      [
        256,
        4,
        256
      ]
    ],
    "lut_total_size": 441344
  }
}