{
  "model": "rs",
  "app": "410.bwaves-s0.txt.xz",
  "validation": [
    {
      "method": "sampled train data",
      "threshold": 0.4900742471218109,
      "p": 0.1843765251273199,
      "r": 1.0,
      "f1": 0.31134782092628777
    },
    {
      "method": "micro precision f1",
      "threshold": 0.6130786538124084,
      "p": 0.9546639109540815,
      "r": 0.9581219586264049,
      "f1": 0.9563898089584671
    },
    {
      "method": "fixed threshold 0.5",
      "threshold": 0.5,
      "p": 0.21620429855442685,
      "r": 0.9999977980139234,
      "f1": 0.35553930236695847
    }
  ]
}