{
  "model": {
    "name": "ResNet-tiny",
    "layer": 8,
    "dim": 4,
    "f1": [
      0.9761341802729766,
      0.9377675716108441,
      0.9565663220694913
    ],
    "num_param": 9324
  },
  "estimator": {
    "method": "PQ_KMEANS",
    "N_SUBSPACE": [
      2,
      2,
      2,
      2,
      2
    ],
    "K_CLUSTER": [
      256,
      256,
      256,
      256,
      256
    ],
    "cossim_layer_train": [
      0.9845148655731963,
      0.9474428727750649,
      0.9310268729948513,
      0.7228263928369489,
      0.8787612917183407
    ],
    "cossim_layer_test": [
      0.978795377647145,
      0.9389022215851474,
      0.9277525110020669,
      0.7224767322365115,
      0.8784991285658595
    ],
    "cossim_amm_train": [
      0.980692134259969,
      0.9183216243077126,
      0.924897771591432,
      0.9080619477529551,
      0.904623272639715,
      0.9278933813805658,
      0.888040818630957,
      0.594276749345125,
      0.8659402290657892,
      0.9268399684615922
    ],
    "cossim_amm_test": [
      0.9739853179975171,
      0.9048892106415193,
      0.9074819726429126,
      0.8993823180522402,
      0.8966272750894593,
      0.9077495463530704,
      0.8807486552726483,
      0.5963504272497717,
      0.8668731330876149,
      0.929544109526
    ],
    "f1": [
      0.8183990692996059,
      0.8057660715774793,
      0.8120334397721373
    ],
    "lut_num": 10,
    "lut_shapes": [
      [
        4,
        2,
        256
      ],
      [
        4,
        2,
        256
      ],
      [
        4,
        2,
        256
      ],
      [
        8,
        2,
        256
      ],
      [
        8,
        2,
        256
      ],
      [
        8,
        1,
        256
      ],
      [
        16,
        2,
        256
      ],
      [
        16,
        2,
        256
      ],
      [
        16,
        1,
        256
      ],
      [
        256,
        2,
        256
      ]
    ],
    "lut_total_size": 167936
  }
}