{
  "model": "rs",
  "app": "410.bwaves-s0.txt.xz",
  "validation": [
    {
      "method": "sampled train data",
      "threshold": 0.4738445281982422,
      "p": 0.1843765251273199,
      "r": 1.0,
      "f1": 0.31134782092628777
    },
    {
      "method": "micro precision f1",
      "threshold": 0.6166495084762573,
      "p": 0.9575875879663938,
      "r": 0.9569292480811128,
      "f1": 0.957258304832948
    },
    {
      "method": "fixed threshold 0.5",
      "threshold": 0.5,
      "p": 0.23290993831699477,
      "r": 0.9999978937524485,
      "f1": 0.37782134510422816
    }
  ]
}