{
  "model": {
    "name": "ResNet-tiny",
    "layer": 8,
    "dim": 4,
    "f1": [
      0.9761341802729766,
      0.9377675716108441,
      0.9565663220694913
    ],
    "num_param": 9324
  },
  "estimator": {
    "method": "PQ_KMEANS",
    "N_SUBSPACE": [
      8,
      2,
      2,
      2,
      2
    ],
    "K_CLUSTER": [
      256,
      256,
      256,
      256,
      256
    ],
    "cossim_layer_train": [
      0.9997846371286659,
      0.967262057759772,
      0.9476444108921283,
      0.7334481136160275,
      0.8782465495090033
    ],
    "cossim_layer_test": [
      0.9996079707456037,
      0.9652782080507322,
      0.9484858787881162,
      0.7382960310612283,
      0.8810892683594551
    ],
    "cossim_amm_train": [
      0.9997735657161014,
      0.9506592214375105,
      0.9588430729885744,
      0.9388758200035943,
      0.9296035924589267,
      0.9565041478437127,
      0.906864016074957,
      0.6052190858682488,
      0.889641130307845,
      0.9152645871559794
    ],
    "cossim_amm_test": [
      0.9995759170521784,
      0.9486880771262516,
      0.9554191904775,
      0.9362237991100896,
      0.9292600287729017,
      0.9538529960313116,
      0.9077756293862524,
      0.6151271040096012,
      0.892815046224034,
      0.9180934322254782
    ],
    "f1": [
      0.8023341735294287,
      0.853050343888489,
      0.8269153606804872
    ],
    "lut_num": 10,
    "lut_shapes": [
      [
        4,
        8,
        256
      ],
      [
        4,
        2,
        256
      ],
      [
        4,
        2,
        256
      ],
      [
        8,
        2,
        256
      ],
      [
        8,
        2,
        256
      ],
      [
        8,
        1,
        256
      ],
      [
        16,
        2,
        256
      ],
      [
        16,
        2,
        256
      ],
      [
        16,
        1,
        256
      ],
      [
        256,
        2,
        256
      ]
    ],
    "lut_total_size": 174080
  }
}