{
  "model": "rs",
  "app": "410.bwaves-s0.txt.xz",
  "validation": [
    {
      "method": "sampled train data",
      "threshold": 0.42898741364479065,
      "p": 0.1843765251273199,
      "r": 1.0,
      "f1": 0.31134782092628777
    },
    {
      "method": "micro precision f1",
      "threshold": 0.6031901836395264,
      "p": 0.9582323774174669,
      "r": 0.9613784088180543,
      "f1": 0.9598028151176669
    },
    {
      "method": "fixed threshold 0.5",
      "threshold": 0.5,
      "p": 0.2296240948915888,
      "r": 0.9999976065368733,
      "f1": 0.37348648780031946
    }
  ]
}