{
  "model": "rs",
  "app": "410.bwaves-s0.txt.xz",
  "validation": [
    {
      "method": "sampled train data",
      "threshold": 0.4821665287017822,
      "p": 0.1843765251273199,
      "r": 1.0,
      "f1": 0.31134782092628777
    },
    {
      "method": "micro precision f1",
      "threshold": 0.6142300367355347,
      "p": 0.9573339982927047,
      "r": 0.9567489724384104,
      "f1": 0.9570413959610606
    },
    {
      "method": "fixed threshold 0.5",
      "threshold": 0.5,
      "p": 0.22966087932267068,
      "r": 0.9999977980139234,
      "f1": 0.3735351571056286
    }
  ]
}