{
  "model": "vit",
  "app": "410.bwaves-s0.txt.xz",
  "validation": [
    {
      "method": "micro precision f1",
      "threshold": 0.4899151921272278,
      "p": 0.8790089827006322,
      "r": 0.9235191211875582,
      "f1": 0.9007145036669139
    },
    {
      "method": "fixed threshold 0.5",
      "threshold": 0.5,
      "p": 0.8820360320565407,
      "r": 0.9199254751563691,
      "f1": 0.90058240716768
    }
  ]
}