{
  "model": "rt",
  "app": "410.bwaves-s0.txt.xz",
  "validation": [
    {
      "method": "sampled train data",
      "threshold": 0.48351436853408813,
      "p": 0.1843765251273199,
      "r": 1.0,
      "f1": 0.31134782092628777
    },
    {
      "method": "micro precision f1",
      "threshold": 0.6143263578414917,
      "p": 0.9579369148637311,
      "r": 0.9614236931404113,
      "f1": 0.9596771368997821
    },
    {
      "method": "fixed threshold 0.5",
      "threshold": 0.5,
      "p": 0.28322473517819635,
      "r": 0.9999995213073747,
      "f1": 0.44142650541267875
    }
  ]
}