{
  "model": {
    "name": "ResNet-tiny",
    "layer": 8,
    "dim": 4,
    "f1": [
      0.971167802946998,
      0.9276516185954666,
      0.9489110698054215
    ],
    "num_param": 9324
  },
  "estimator": {
    "method": "PQ_KMEANS",
    "N_SUBSPACE": [
      8,
      8,
      8,
      8,
      8
    ],
    "K_CLUSTER": [
      256,
      256,
      256,
      256,
      256
    ],
    "cossim_layer_train": [
      0.9996439460639056,
      0.9854934872112315,
      0.9722531699121509,
      0.8074481239690996,
      0.912896564016454
    ],
    "cossim_layer_test": [
      0.9996072158580872,
      0.9828668489603325,
      0.9730410010164495,
      0.7946192429193808,
      0.9094555924543464
    ],
    "cossim_amm_train": [
      0.9996302015230316,
      0.9713020357026665,
      0.9813717958562096,
      0.9735681036127138,
      0.9641810560928374,
      0.9772457726147492,
      0.9451877552272199,
      0.7272738599015728,
      0.9456705322227771,
      0.9484056906246938
    ],
    "cossim_amm_test": [
      0.999516202282524,
      0.9585225053217585,
      0.9776800246498619,
      0.9682825884929004,
      0.9642021649794068,
      0.976916105092777,
      0.9398995462847116,
      0.7144445527866773,
      0.9462322997556679,
      0.938084278207213
    ],
    "f1": [
      0.8401583619931217,
      0.8826754616305695,
      0.860892280899452
    ],
    "lut_num": 10,
    "lut_shapes": [
      [
        4,
        8,
        256
      ],
      [
        4,
        8,
        256
      ],
      [
        4,
        8,
        256
      ],
      [
        8,
        8,
        256
      ],
      [
        8,
        8,
        256
      ],
      [
        8,
        1,
        256
      ],
      [
        16,
        8,
        256
      ],
      [
        16,
        8,
        256
      ],
      [
        16,
        1,
        256
      ],
      [
        256,
        8,
        256
      ]
    ],
    "lut_total_size": 653312
  }
}