{
  "model": "rs",
  "app": "410.bwaves-s0.txt.xz",
  "validation": [
    {
      "method": "sampled train data",
      "threshold": 0.5066178441047668,
      "p": 0.7898350060525433,
      "r": 0.996296642373335,
      "f1": 0.8811332191023848
    },
    {
      "method": "micro precision f1",
      "threshold": 0.6221811175346375,
      "p": 0.9587391382294431,
      "r": 0.9548628277560537,
      "f1": 0.9567970569456515
    },
    {
      "method": "fixed threshold 0.5",
      "threshold": 0.5,
      "p": 0.2296714469496943,
      "r": 0.9999977022753984,
      "f1": 0.3735491280279632
    }
  ]
}