{
  "model": "vit",
  "app": "410.bwaves-s0.txt.xz",
  "validation": [
    {
      "method": "micro precision f1",
      "threshold": 0.438991516828537,
      "p": 0.8263556056011034,
      "r": 0.9462350644399863,
      "f1": 0.8822416398007763
    },
    {
      "method": "fixed threshold 0.5",
      "threshold": 0.5,
      "p": 0.836830715181236,
      "r": 0.9291192880989145,
      "f1": 0.8805635005569864
    }
  ]
}