{
  "model": {
    "name": "ResNet-tiny",
    "layer": 8,
    "dim": 4,
    "f1": [
      0.9761341802729766,
      0.9377675716108441,
      0.9565663220694913
    ],
    "num_param": 9324
  },
  "estimator": {
    "method": "PQ_KMEANS",
    "N_SUBSPACE": [
      2,
      2,
      2,
      2,
      2
    ],
    "K_CLUSTER": [
      256,
      256,
      256,
      2048,
      256
    ],
    "cossim_layer_train": [
      0.9850592602789512,
      0.9477068342724072,
      0.9305184533126104,
      0.7175226971905542,
      0.8720821850347437
    ],
    "cossim_layer_test": [
      0.9811897306644772,
      0.9421915229533945,
      0.9302840481501767,
      0.7211066285315488,
      0.8749935906971611
    ],
    "cossim_amm_train": [
      0.9816552724907609,
      0.9184446488442166,
      0.9259636313601989,
      0.9100416348193412,
      0.9043002192883742,
      0.9226206348292189,
      0.8848920835417956,
      0.5836625391961434,
      0.8629069356837656,
      0.9128451934232464
    ],
    "cossim_amm_test": [
      0.9771901473424875,
      0.9064628892348741,
      0.9081033728763392,
      0.8997861776805216,
      0.9018937437394032,
      0.918357345593577,
      0.8828289972605564,
      0.5892997615113552,
      0.86548673740016,
      0.9161368545148318
    ],
    "f1": [
      0.7983805959686339,
      0.8466643836186936,
      0.8218139000047021
    ],
    "lut_num": 10,
    "lut_shapes": [
      [
        4,
        2,
        256
      ],
      [
        4,
        2,
        256
      ],
      [
        4,
        2,
        256
      ],
      [
        8,
        2,
        256
      ],
      [
        8,
        2,
        256
      ],
      [
        8,
        1,
        256
      ],
      [
        16,
        2,
        2048
      ],
      [
        16,
        2,
        2048
      ],
      [
        16,
        1,
        2048
      ],
      [
        256,
        2,
        256
      ]
    ],
    "lut_total_size": 311296
  }
}