{
  "model": {
    "name": "ResNet-tiny",
    "layer": 8,
    "dim": 4,
    "f1": [
      0.9761341802729766,
      0.9377675716108441,
      0.9565663220694913
    ],
    "num_param": 9324
  },
  "estimator": {
    "method": "PQ_KMEANS",
    "N_SUBSPACE": [
      2,
      2,
      2,
      8,
      2
    ],
    "K_CLUSTER": [
      256,
      256,
      256,
      256,
      256
    ],
    "cossim_layer_train": [
      0.9847194580988873,
      0.9470174859949189,
      0.9310268065909124,
      0.7210072718915763,
      0.8707367054278253
    ],
    "cossim_layer_test": [
      0.9795298908430027,
      0.936886558546412,
      0.9263039664304519,
      0.7182934497902073,
      0.8696250959652628
    ],
    "cossim_amm_train": [
      0.9806722781312056,
      0.9186722082019111,
      0.9236718517312354,
      0.906771067952827,
      0.9051736024236944,
      0.9276556733689361,
      0.8844385062359337,
      0.5906924750669365,
      0.8627381791446512,
      0.9239107687462782
    ],
    "cossim_amm_test": [
      0.974580961044777,
      0.9029863044151668,
      0.9002609818019162,
      0.8954789295149149,
      0.8959209924084728,
      0.9136073163676084,
      0.8746009909627607,
      0.5878387034285752,
      0.861197395175021,
      0.9263875492462048
    ],
    "f1": [
      0.8173203254459334,
      0.7906232787983573,
      0.8037501736092355
    ],
    "lut_num": 10,
    "lut_shapes": [
      [
        4,
        2,
        256
      ],
      [
        4,
        2,
        256
      ],
      [
        4,
        2,
        256
      ],
      [
        8,
        2,
        256
      ],
      [
        8,
        2,
        256
      ],
      [
        8,
        1,
        256
      ],
      [
        16,
        8,
        256
      ],
      [
        16,
        8,
        256
      ],
      [
        16,
        1,
        256
      ],
      [
        256,
        2,
        256
      ]
    ],
    "lut_total_size": 217088
  }
}