{
  "model": {
    "name": "ResNet-tiny",
    "layer": 8,
    "dim": 4,
    "f1": [
      0.9761341802729766,
      0.9377675716108441,
      0.9565663220694913
    ],
    "num_param": 9324
  },
  "estimator": {
    "method": "PQ_KMEANS",
    "N_SUBSPACE": [
      3,
      4,
      8,
      16,
      4
    ],
    "K_CLUSTER": [
      512,
      512,
      512,
      512,
      512
    ],
    "cossim_layer_train": [
      0.9945913482135749,
      0.955235563079946,
      0.9224141749342146,
      0.6775025028383597,
      0.8511631286879965
    ],
    "cossim_layer_test": [
      0.9882637857064113,
      0.9276569194633429,
      0.8742706483524947,
      0.6376277507891137,
      0.8329802780605263
    ],
    "cossim_amm_train": [
      0.9937726713664481,
      0.9480925854561959,
      0.9382196543307201,
      0.9213403533942586,
      0.8996482547718321,
      0.9261670524104548,
      0.8784861109976925,
      0.5294135074737777,
      0.8464787207021887,
      0.9073147315487702
    ],
    "cossim_amm_test": [
      0.9871932431289883,
      0.9342464095678337,
      0.8875880854334223,
      0.8614368001904537,
      0.8232429045985761,
      0.861112289595591,
      0.8315588777512334,
      0.46757033487192695,
      0.7823249418430985,
      0.9038342965325364
    ],
    "f1": [
      0.851986672867569,
      0.6221071486048818,
      0.7191224764480287
    ],
    "lut_num": 10,
    "lut_shapes": [
      [
        4,
        3,
        512
      ],
      [
        4,
        4,
        512
      ],
      [
        4,
        4,
        512
      ],
      [
        8,
        8,
        512
      ],
      [
        8,
        8,
        512
      ],
      [
        8,
        1,
        512
      ],
      [
        16,
        16,
        512
      ],
      [
        16,
        16,
        512
      ],
      [
        16,
        1,
        512
      ],
      [
        256,
        4,
        512
      ]
    ],
    "lut_total_size": 886784
  }
}