{
  "model": "rs",
  "app": "410.bwaves-s0.txt.xz",
  "validation": [
    {
      "method": "sampled train data",
      "threshold": 0.4673345386981964,
      "p": 0.1843765251273199,
      "r": 1.0,
      "f1": 0.31134782092628777
    },
    {
      "method": "micro precision f1",
      "threshold": 0.6170347332954407,
      "p": 0.9589388647232147,
      "r": 0.9598593256408067,
      "f1": 0.9593988744062395
    },
    {
      "method": "fixed threshold 0.5",
      "threshold": 0.5,
      "p": 0.2390498670489106,
      "r": 0.9999992340917995,
      "f1": 0.38585990456484726
    }
  ]
}