{
  "model": "rs",
  "app": "410.bwaves-s0.txt.xz",
  "validation": [
    {
      "method": "sampled train data",
      "threshold": 0.5098125338554382,
      "p": 0.814748483095174,
      "r": 0.9952025425088625,
      "f1": 0.8959797811224797
    },
    {
      "method": "micro precision f1",
      "threshold": 0.6276920437812805,
      "p": 0.9594378730832713,
      "r": 0.9576010453115121,
      "f1": 0.9585185792110151
    },
    {
      "method": "fixed threshold 0.5",
      "threshold": 0.5,
      "p": 0.22569024895217024,
      "r": 0.9999977980139234,
      "f1": 0.3682662200125506
    }
  ]
}