{
  "model": "vit",
  "app": "410.bwaves-s0.txt.xz",
  "validation": [
    {
      "method": "micro precision f1",
      "threshold": 0.4478985667228699,
      "p": 0.8237599657507725,
      "r": 0.9461511211055876,
      "f1": 0.8807238068679858
    },
    {
      "method": "fixed threshold 0.5",
      "threshold": 0.5,
      "p": 0.8352461012208463,
      "r": 0.9272592501318835,
      "f1": 0.8788508618134945
    }
  ]
}