{
  "model": {
    "name": "ResNet-tiny",
    "layer": 8,
    "dim": 4,
    "f1": [
      0.9886281588447653,
      0.9620586685403126,
      0.9751624677290126
    ],
    "num_param": 9324
  },
  "estimator": {
    "method": "PQ_KMEANS",
    "N_SUBSPACE": [
      2,
      2,
      2,
      2,
      2
    ],
    "K_CLUSTER": [
      16,
      16,
      16,
      16,
      16
    ],
    "cossim_layer_train": [
      0.9193880413684026,
      0.8279943159157125,
      0.6710228597560322,
      0.4389757468554482,
      0.4243396143334092
    ],
    "cossim_layer_test": [
      0.9016443655662788,
      0.7788536633688109,
      0.6428436161484207,
      0.373631826649378,
      0.48284646565101985
    ],
    "cossim_amm_train": [
      0.9129104219893046,
      0.7424327717409682,
      0.7400061546731705,
      0.6832278219466841,
      0.5396437527099667,
      0.7747064370919504,
      0.5552577497235942,
      0.18320770891610216,
      0.34617548659414865,
      0.8071040053352048
    ],
    "cossim_amm_test": [
      0.8597123783922558,
      0.5587019972914645,
      0.6553494250471256,
      0.5632807628561864,
      0.44704744622101833,
      0.7045712003497029,
      0.5154236981133162,
      0.07892690238349656,
      0.2549173216737671,
      0.7842449855253129
    ],
    "f1": [
      0.9356814701378254,
      0.10732478482346741,
      0.19256224393318624
    ],
    "lut_num": 10,
    "lut_shapes": [
      [
        4,
        2,
        16
      ],
      [
        4,
        2,
        16
      ],
      [
        4,
        2,
        16
      ],
      [
        8,
        2,
        16
      ],
      [
        8,
        2,
        16
      ],
      [
        8,
        1,
        16
      ],
      [
        16,
        2,
        16
      ],
      [
        16,
        2,
        16
      ],
      [
        16,
        1,
        16
      ],
      [
        256,
        2,
        16
      ]
    ],
    "lut_total_size": 10496
  }
}