{
  "model": {
    "name": "ResNet-tiny",
    "layer": 8,
    "dim": 4,
    "f1": [
      0.9754045965483253,
      0.939652091444592,
      0.9571946093270866
    ],
    "num_param": 9324
  },
  "estimator": {
    "method": "PQ_KMEANS",
    "N_SUBSPACE": [
      2,
      2,
      2,
      2,
      2
    ],
    "K_CLUSTER": [
      16,
      16,
      16,
      16,
      16
    ],
    "cossim_layer_train": [
      0.9334562237504805,
      0.7766118078005034,
      0.5949674893582736,
      0.3941807147731807,
      0.4304133496143777
    ],
    "cossim_layer_test": [
      0.9283065574008463,
      0.7724985432692361,
      0.5961314429615683,
      0.3970181458284649,
      0.4594295779607511
    ],
    "cossim_amm_train": [
      0.9070050222482539,
      0.7355722062914652,
      0.6283866213877621,
      0.654172133436621,
      0.5082825911561906,
      0.6105902059108046,
      0.489925535439751,
      0.15461800784566096,
      0.08583320989888811,
      0.7919769445005898
    ],
    "cossim_amm_test": [
      0.8961491557209571,
      0.730382357396575,
      0.6153425652422496,
      0.6555561733131896,
      0.5100007773132684,
      0.5841366023555407,
      0.48970915700601686,
      0.15975609125993923,
      0.0817569264939969,
      0.7989300705375788
    ],
    "f1": [
      0.8538666897425445,
      0.10769431525841636,
      0.1912652197739697
    ],
    "lut_num": 10,
    "lut_shapes": [
      [
        4,
        2,
        16
      ],
      [
        4,
        2,
        16
      ],
      [
        4,
        2,
        16
      ],
      [
        8,
        2,
        16
      ],
      [
        8,
        2,
        16
      ],
      [
        8,
        1,
        16
      ],
      [
        16,
        2,
        16
      ],
      [
        16,
        2,
        16
      ],
      [
        16,
        1,
        16
      ],
      [
        256,
        2,
        16
      ]
    ],
    "lut_total_size": 10496
  }
}