{
  "model": "vit",
  "app": "433.milc-s0.txt.xz",
  "validation": [
    {
      "method": "micro precision f1",
      "threshold": 0.39922425150871277,
      "p": 0.6147600159256977,
      "r": 0.6922241258396534,
      "f1": 0.6511964468834983
    },
    {
      "method": "fixed threshold 0.5",
      "threshold": 0.5,
      "p": 0.7543421504991564,
      "r": 0.4993188521992982,
      "f1": 0.6008917178440575
    }
  ]
}