{
  "model": "vit",
  "app": "433.milc-s0.txt.xz",
  "validation": [
    {
      "method": "micro precision f1",
      "threshold": 0.336872935295105,
      "p": 0.6208780313827883,
      "r": 0.7230764462009377,
      "f1": 0.6680914985508243
    },
    {
      "method": "fixed threshold 0.5",
      "threshold": 0.5,
      "p": 0.7625943004215174,
      "r": 0.5133992018288194,
      "f1": 0.6136634778549251
    }
  ]
}