{
  "model": "vitt",
  "app": "433.milc-s0.txt.xz",
  "validation": [
    {
      "method": "micro precision f1",
      "threshold": 0.45616430044174194,
      "p": 0.826236704753844,
      "r": 0.907968468158433,
      "f1": 0.8651766087074948
    },
    {
      "method": "fixed threshold 0.5",
      "threshold": 0.5,
      "p": 0.856521106063183,
      "r": 0.8681177564101372,
      "f1": 0.8622804426976113
    }
  ]
}