{
  "model": "vit",
  "app": "433.milc-s0.txt.xz",
  "validation": [
    {
      "method": "micro precision f1",
      "threshold": 0.33570030331611633,
      "p": 0.6314790805459913,
      "r": 0.7245298157955602,
      "f1": 0.6748118292455441
    },
    {
      "method": "fixed threshold 0.5",
      "threshold": 0.5,
      "p": 0.7707319055122561,
      "r": 0.5410725613079526,
      "f1": 0.6357988507359319
    }
  ]
}