{
  "model": "vit",
  "app": "433.milc-s0.txt.xz",
  "validation": [
    {
      "method": "micro precision f1",
      "threshold": 0.351358562707901,
      "p": 0.6400015804953879,
      "r": 0.7331822840804877,
      "f1": 0.6834304315797657
    },
    {
      "method": "fixed threshold 0.5",
      "threshold": 0.5,
      "p": 0.7801097159403155,
      "r": 0.546611653983118,
      "f1": 0.6428132866255786
    }
  ]
}