{
  "model": "vit",
  "app": "433.milc-s0.txt.xz",
  "validation": [
    {
      "method": "micro precision f1",
      "threshold": 0.30719876289367676,
      "p": 0.7396021885687639,
      "r": 0.8477391287632874,
      "f1": 0.7899872675430981
    },
    {
      "method": "fixed threshold 0.5",
      "threshold": 0.5,
      "p": 0.8319205585600012,
      "r": 0.7151115600423881,
      "f1": 0.7691062148090796
    }
  ]
}