{
  "model": "vit",
  "app": "433.milc-s0.txt.xz",
  "validation": [
    {
      "method": "micro precision f1",
      "threshold": 0.44560128450393677,
      "p": 0.16998355792048944,
      "r": 0.4055376031616878,
      "f1": 0.2395558298025056
    },
    {
      "method": "fixed threshold 0.5",
      "threshold": 0.5,
      "p": 0.18860676398488962,
      "r": 0.2195280716029292,
      "f1": 0.20289608030757067
    }
  ]
}