{
  "model": "vit",
  "app": "437.leslie3d-s0.txt.xz",
  "validation": [
    {
      "method": "micro precision f1",
      "threshold": 0.5118467211723328,
      "p": 0.5733021900224273,
      "r": 0.31365952129193503,
      "f1": 0.40547791000263145
    },
    {
      "method": "fixed threshold 0.5",
      "threshold": 0.5,
      "p": 0.5331899523157517,
      "r": 0.3163435132776556,
      "f1": 0.39709132033331285
    }
  ]
}