{
  "model": "vit",
  "app": "437.leslie3d-s0.txt.xz",
  "validation": [
    {
      "method": "micro precision f1",
      "threshold": 0.3014703691005707,
      "p": 0.49156497020969486,
      "r": 0.646988326779377,
      "f1": 0.5586682651051642
    },
    {
      "method": "fixed threshold 0.5",
      "threshold": 0.5,
      "p": 0.6552989074558938,
      "r": 0.35255220794085806,
      "f1": 0.45845477205005825
    }
  ]
}