{
  "model": "vitt",
  "app": "437.leslie3d-s0.txt.xz",
  "validation": [
    {
      "method": "micro precision f1",
      "threshold": 0.24268850684165955,
      "p": 0.5451534337678854,
      "r": 0.6778108507556471,
      "f1": 0.6042873326894159
    },
    {
      "method": "fixed threshold 0.5",
      "threshold": 0.5,
      "p": 0.7204972555743822,
      "r": 0.392947539832616,
      "f1": 0.5085436210254445
    }
  ]
}