{
  "model": "vit",
  "app": "437.leslie3d-s0.txt.xz",
  "validation": [
    {
      "method": "micro precision f1",
      "threshold": 0.29850518703460693,
      "p": 0.474084745314689,
      "r": 0.6613608137329231,
      "f1": 0.5522784785959797
    },
    {
      "method": "fixed threshold 0.5",
      "threshold": 0.5,
      "p": 0.6635248477301962,
      "r": 0.33326277873981136,
      "f1": 0.4436815398693734
    }
  ]
}