{
  "model": "vit",
  "app": "437.leslie3d-s0.txt.xz",
  "validation": [
    {
      "method": "micro precision f1",
      "threshold": 0.3117009997367859,
      "p": 0.4926901059663027,
      "r": 0.6488402004832129,
      "f1": 0.5600852563004801
    },
    {
      "method": "fixed threshold 0.5",
      "threshold": 0.5,
      "p": 0.6555578623018171,
      "r": 0.3539785415701765,
      "f1": 0.459722730398702
    }
  ]
}