{
  "model": "vit",
  "app": "437.leslie3d-s0.txt.xz",
  "validation": [
    {
      "method": "micro precision f1",
      "threshold": 0.28416746854782104,
      "p": 0.49627047666243657,
      "r": 0.655845017862358,
      "f1": 0.5650067570100404
    },
    {
      "method": "fixed threshold 0.5",
      "threshold": 0.5,
      "p": 0.6687064684266363,
      "r": 0.38490652868449854,
      "f1": 0.48858449198461706
    }
  ]
}