{
  "model": "vit",
  "app": "437.leslie3d-s0.txt.xz",
  "validation": [
    {
      "method": "micro precision f1",
      "threshold": 0.5767929553985596,
      "p": 0.2336471030700715,
      "r": 0.2880503927034622,
      "f1": 0.25801212518212246
    },
    {
      "method": "fixed threshold 0.5",
      "threshold": 0.5,
      "p": 0.12336120784154894,
      "r": 0.4225232917352272,
      "f1": 0.19096707691848988
    }
  ]
}