{
  "model": "rs",
  "app": "437.leslie3d-s0.txt.xz",
  "validation": [
    {
      "method": "sampled train data",
      "threshold": 0.38430139422416687,
      "p": 0.07737562952264784,
      "r": 1.0,
      "f1": 0.14363723738011527
    },
    {
      "method": "micro precision f1",
      "threshold": 0.5800940990447998,
      "p": 0.5986716260443015,
      "r": 0.7350768258995762,
      "f1": 0.6598990056744233
    },
    {
      "method": "fixed threshold 0.5",
      "threshold": 0.5,
      "p": 0.07737860161676839,
      "r": 1.0,
      "f1": 0.14364235840706355
    }
  ]
}