{
  "model": "vit",
  "app": "437.leslie3d-s0.txt.xz",
  "validation": [
    {
      "method": "micro precision f1",
      "threshold": 0.2921314537525177,
      "p": 0.47498396118633623,
      "r": 0.660142456361861,
      "f1": 0.5524619531757505
    },
    {
      "method": "fixed threshold 0.5",
      "threshold": 0.5,
      "p": 0.6627253451086877,
      "r": 0.3351574277024376,
      "f1": 0.4451771851198785
    }
  ]
}