{
  "model": "vit",
  "app": "437.leslie3d-s0.txt.xz",
  "validation": [
    {
      "method": "micro precision f1",
      "threshold": 0.2994785010814667,
      "p": 0.5046110796892209,
      "r": 0.6390087323980828,
      "f1": 0.5639127321477727
    },
    {
      "method": "fixed threshold 0.5",
      "threshold": 0.5,
      "p": 0.6658888786548361,
      "r": 0.3679142328853102,
      "f1": 0.4739587127227168
    }
  ]
}