{
  "model": "vit",
  "app": "437.leslie3d-s0.txt.xz",
  "validation": [
    {
      "method": "micro precision f1",
      "threshold": 0.2825518846511841,
      "p": 0.4804544641754761,
      "r": 0.6658168156917349,
      "f1": 0.5581482621797035
    },
    {
      "method": "fixed threshold 0.5",
      "threshold": 0.5,
      "p": 0.6526345976173439,
      "r": 0.3558208277160077,
      "f1": 0.4605478375874566
    }
  ]
}