{
  "model": "vit",
  "app": "462.libquantum-s0.txt.xz",
  "validation": [
    {
      "method": "micro precision f1",
      "threshold": 0.46414753794670105,
      "p": 0.7308540262191893,
      "r": 0.8674704583591992,
      "f1": 0.7933236126145732
    },
    {
      "method": "fixed threshold 0.5",
      "threshold": 0.5,
      "p": 0.7655561052917798,
      "r": 0.766373392275161,
      "f1": 0.765964530771475
    }
  ]
}