{
  "model": "vit",
  "app": "462.libquantum-s0.txt.xz",
  "validation": [
    {
      "method": "micro precision f1",
      "threshold": 0.977342426776886,
      "p": 0.9902724660544449,
      "r": 0.9999996557772369,
      "f1": 0.9951122907441983
    },
    {
      "method": "fixed threshold 0.5",
      "threshold": 0.5,
      "p": 0.9902723540875839,
      "r": 0.9999997131476974,
      "f1": 0.995112262617725
    }
  ]
}