{
  "model": "vitt",
  "app": "462.libquantum-s0.txt.xz",
  "validation": [
    {
      "method": "micro precision f1",
      "threshold": 0.9750851988792419,
      "p": 0.9902791841359503,
      "r": 0.9999962135496062,
      "f1": 0.9951139783414005
    },
    {
      "method": "fixed threshold 0.5",
      "threshold": 0.5,
      "p": 0.9902723540875839,
      "r": 0.9999997131476974,
      "f1": 0.995112262617725
    }
  ]
}