{
  "model": "rs",
  "app": "602.gcc-s0.txt.xz",
  "validation": [
    {
      "method": "sampled train data",
      "threshold": 0.5020570158958435,
      "p": 0.8417935901353756,
      "r": 0.9986204986031655,
      "f1": 0.9135252113594987
    },
    {
      "method": "micro precision f1",
      "threshold": 0.5892024040222168,
      "p": 0.8939082881664092,
      "r": 0.9904446506170328,
      "f1": 0.9397036658411254
    },
    {
      "method": "fixed threshold 0.5",
      "threshold": 0.5,
      "p": 0.4365262416955987,
      "r": 1.0,
      "f1": 0.6077525478133229
    }
  ]
}