{
  "model": "rs",
  "app": "602.gcc-s0.txt.xz",
  "validation": [
    {
      "method": "sampled train data",
      "threshold": 0.48808911442756653,
      "p": 0.4365262416955987,
      "r": 1.0,
      "f1": 0.6077525478133229
    },
    {
      "method": "micro precision f1",
      "threshold": 0.5928342938423157,
      "p": 0.8956236423863313,
      "r": 0.9901520659679302,
      "f1": 0.9405186374072795
    },
    {
      "method": "fixed threshold 0.5",
      "threshold": 0.5,
      "p": 0.4365262996414036,
      "r": 1.0,
      "f1": 0.6077526039730321
    }
  ]
}