{
  "model": {
    "name": "ResNet-tiny",
    "layer": 8,
    "dim": 4,
    "f1": [
      0.9055436651288509,
      0.9595461720627844,
      0.931763114229884
    ],
    "num_param": 9324
  },
  "estimator": {
    "method": "PQ_KMEANS",
    "N_SUBSPACE": [
      2,
      2,
      2,
      2,
      2
    ],
    "K_CLUSTER": [
      1024,
      1024,
      1024,
      1024,
      1024
    ],
    "cossim_layer_train": [
      0.9942299712001852,
      0.9831851166298922,
      0.9777860431876924,
      0.9466535030578516,
      0.9902115699705608
    ],
    "cossim_layer_test": [
      0.9868536772006397,
      0.9696164220132654,
      0.954375052716568,
      0.8818546485779571,
      0.9753257913377221
    ],
    "cossim_amm_train": [
      0.994006288696883,
      0.9779832433302791,
      0.9808389575859544,
      0.9681266111838146,
      0.9622020779044328,
      0.9771460030988224,
      0.9461197673780555,
      0.9351736607726777,
      0.9858999109949278,
      0.9892885727740158
    ],
    "cossim_amm_test": [
      0.986658418972772,
      0.9598768158121788,
      0.9603269675743614,
      0.9371758812016295,
      0.9208538013756028,
      0.9586505356911548,
      0.889262100560597,
      0.863043786290542,
      0.9721046661246192,
      0.9755527772003709
    ],
    "f1": [
      0.8876349658440936,
      0.9147841808037884,
      0.9010051037158872
    ],
    "lut_num": 10,
    "lut_shapes": [
      [
        4,
        2,
        1024
      ],
      [
        4,
        2,
        1024
      ],
      [
        4,
        2,
        1024
      ],
      [
        8,
        2,
        1024
      ],
      [
        8,
        2,
        1024
      ],
      [
        8,
        1,
        1024
      ],
      [
        16,
        2,
        1024
      ],
      [
        16,
        2,
        1024
      ],
      [
        16,
        1,
        1024
      ],
      [
        256,
        2,
        1024
      ]
    ],
    "lut_total_size": 671744
  }
}