{
  "model": "vitt",
  "app": "602.gcc-s0.txt.xz",
  "validation": [
    {
      "method": "micro precision f1",
      "threshold": 0.6757209897041321,
      "p": 0.904349669002779,
      "r": 0.9836158164552258,
      "f1": 0.9423187498805238
    },
    {
      "method": "fixed threshold 0.5",
      "threshold": 0.5,
      "p": 0.8901515427151,
      "r": 0.9937586238691232,
      "f1": 0.9391061079387063
    }
  ]
}