{
  "model": {
    "name": "ResNet-tiny",
    "layer": 8,
    "dim": 4,
    "f1": [
      0.9055436651288509,
      0.9595461720627844,
      0.931763114229884
    ],
    "num_param": 9324
  },
  "estimator": {
    "method": "PQ_KMEANS",
    "N_SUBSPACE": [
      1,
      1,
      1,
      1,
      1
    ],
    "K_CLUSTER": [
      256,
      256,
      256,
      256,
      256
    ],
    "cossim_layer_train": [
      0.9847910034865847,
      0.9687096450490394,
      0.9617730721733636,
      0.8421627625614302,
      0.9520947164864383
    ],
    "cossim_layer_test": [
      0.9830137797931106,
      0.959320700541629,
      0.9418097949540232,
      0.686739337665955,
      0.8636392101970997
    ],
    "cossim_amm_train": [
      0.9819083451411659,
      0.9559390192082459,
      0.9590207289927026,
      0.9412450002992686,
      0.9347645180360286,
      0.9556358348101429,
      0.9064620930082959,
      0.8284267078758015,
      0.9759639076727321,
      0.9607712825145058
    ],
    "cossim_amm_test": [
      0.9796610988715164,
      0.9471743127889404,
      0.942513108318565,
      0.9139286394914221,
      0.9006295275127905,
      0.9430436488394921,
      0.8458226784299753,
      0.6638927440752813,
      0.9632073659364759,
      0.9122959683276292
    ],
    "f1": [
      0.8787090366669462,
      0.5597062051965763,
      0.6838343839399607
    ],
    "lut_num": 10,
    "lut_shapes": [
      [
        4,
        1,
        256
      ],
      [
        4,
        1,
        256
      ],
      [
        4,
        1,
        256
      ],
      [
        8,
        1,
        256
      ],
      [
        8,
        1,
        256
      ],
      [
        8,
        1,
        256
      ],
      [
        16,
        1,
        256
      ],
      [
        16,
        1,
        256
      ],
      [
        16,
        1,
        256
      ],
      [
        256,
        1,
        256
      ]
    ],
    "lut_total_size": 87040
  }
}