{
  "model": "vit",
  "app": "602.gcc-s0.txt.xz",
  "validation": [
    {
      "method": "micro precision f1",
      "threshold": 0.6328139305114746,
      "p": 0.8867943894718316,
      "r": 0.9931408126269082,
      "f1": 0.9369596352148952
    },
    {
      "method": "fixed threshold 0.5",
      "threshold": 0.5,
      "p": 0.8762659970248055,
      "r": 0.9971323159960307,
      "f1": 0.9328001813271593
    }
  ]
}