{
  "model": "vit",
  "app": "602.gcc-s0.txt.xz",
  "validation": [
    {
      "method": "micro precision f1",
      "threshold": 0.6704317331314087,
      "p": 0.9047916417842539,
      "r": 0.9927745477165414,
      "f1": 0.9467433788819549
    },
    {
      "method": "fixed threshold 0.5",
      "threshold": 0.5,
      "p": 0.8889886459293569,
      "r": 0.9980514792881684,
      "f1": 0.9403683803892654
    }
  ]
}