{
  "model": "vit",
  "app": "602.gcc-s0.txt.xz",
  "validation": [
    {
      "method": "micro precision f1",
      "threshold": 0.6826412081718445,
      "p": 0.8891218276731641,
      "r": 0.990107911842682,
      "f1": 0.9369014736836037
    },
    {
      "method": "fixed threshold 0.5",
      "threshold": 0.5,
      "p": 0.8716906259352446,
      "r": 0.9976314189308575,
      "f1": 0.9304185529816463
    }
  ]
}