{
  "model": "rs",
  "app": "602.gcc-s0.txt.xz",
  "validation": [
    {
      "method": "sampled train data",
      "threshold": 0.5041865110397339,
      "p": 0.8677014022675691,
      "r": 0.9980093296643938,
      "f1": 0.9283047795187263
    },
    {
      "method": "micro precision f1",
      "threshold": 0.5928592085838318,
      "p": 0.8948786237519931,
      "r": 0.9904654807384222,
      "f1": 0.9402489276795694
    },
    {
      "method": "fixed threshold 0.5",
      "threshold": 0.5,
      "p": 0.4365262416955987,
      "r": 1.0,
      "f1": 0.6077525478133229
    }
  ]
}