{
  "model": "rs",
  "app": "602.gcc-s0.txt.xz",
  "validation": [
    {
      "method": "sampled train data",
      "threshold": 0.567984938621521,
      "p": 0.87902682414736,
      "r": 0.9951367494935138,
      "f1": 0.93348511176136
    },
    {
      "method": "micro precision f1",
      "threshold": 0.6284263134002686,
      "p": 0.8926734794560719,
      "r": 0.9855460243812769,
      "f1": 0.936813611988474
    },
    {
      "method": "fixed threshold 0.5",
      "threshold": 0.5,
      "p": 0.4365262416955987,
      "r": 1.0,
      "f1": 0.6077525478133229
    }
  ]
}