{
  "model": {
    "name": "ResNet-tiny",
    "layer": 8,
    "dim": 4,
    "f1": [
      0.9055436651288509,
      0.9595461720627844,
      0.931763114229884
    ],
    "num_param": 9324
  },
  "estimator": {
    "method": "PQ_KMEANS",
    "N_SUBSPACE": [
      2,
      2,
      2,
      2,
      2
    ],
    "K_CLUSTER": [
      64,
      64,
      64,
      64,
      64
    ],
    "cossim_layer_train": [
      0.97448266520278,
      0.9290384428754016,
      0.9293952407787507,
      0.8436281713856786,
      0.9852527837008103
    ],
    "cossim_layer_test": [
      0.9685379677563662,
      0.9245310784688263,
      0.9184183496374456,
      0.8484153367433839,
      0.98267626657985
    ],
    "cossim_amm_train": [
      0.973734497746995,
      0.9040364777058535,
      0.8972566351483781,
      0.8830209862055746,
      0.865271867555497,
      0.8866786199644607,
      0.8689432783646985,
      0.8288752793920071,
      0.9476610232244614,
      0.9767235248756718
    ],
    "cossim_amm_test": [
      0.969011166559806,
      0.893870355459568,
      0.8894223135562049,
      0.8716228850510194,
      0.8509031420000353,
      0.8869910196419097,
      0.8453717048675683,
      0.8257842928298009,
      0.9429481114979494,
      0.9770643710062266
    ],
    "f1": [
      0.8898178444313656,
      0.8996551300157712,
      0.8947094479251128
    ],
    "lut_num": 10,
    "lut_shapes": [
      [
        4,
        2,
        64
      ],
      [
        4,
        2,
        64
      ],
      [
        4,
        2,
        64
      ],
      [
        8,
        2,
        64
      ],
      [
        8,
        2,
        64
      ],
      [
        8,
        1,
        64
      ],
      [
        16,
        2,
        64
      ],
      [
        16,
        2,
        64
      ],
      [
        16,
        1,
        64
      ],
      [
        256,
        2,
        64
      ]
    ],
    "lut_total_size": 41984
  }
}