{
  "model": "rs",
  "app": "602.gcc-s0.txt.xz",
  "validation": [
    {
      "method": "sampled train data",
      "threshold": 0.5682511925697327,
      "p": 0.8788572843618694,
      "r": 0.9950422283830728,
      "f1": 0.9333479247039638
    },
    {
      "method": "micro precision f1",
      "threshold": 0.6293191909790039,
      "p": 0.8923726962131519,
      "r": 0.9854042173748351,
      "f1": 0.9365839061663261
    },
    {
      "method": "fixed threshold 0.5",
      "threshold": 0.5,
      "p": 0.4365262416955987,
      "r": 1.0,
      "f1": 0.6077525478133229
    }
  ]
}