{
  "model": "rs",
  "app": "602.gcc-s0.txt.xz",
  "validation": [
    {
      "method": "sampled train data",
      "threshold": 0.5700609087944031,
      "p": 0.878953849895896,
      "r": 0.9948391980514765,
      "f1": 0.9333130402128059
    },
    {
      "method": "micro precision f1",
      "threshold": 0.6323235630989075,
      "p": 0.8921712161477233,
      "r": 0.9860552727017661,
      "f1": 0.9367668245101682
    },
    {
      "method": "fixed threshold 0.5",
      "threshold": 0.5,
      "p": 0.4365262416955987,
      "r": 1.0,
      "f1": 0.6077525478133229
    }
  ]
}