{
  "model": {
    "name": "ResNet-tiny",
    "layer": 8,
    "dim": 4,
    "f1": [
      0.9055436651288509,
      0.9595461720627844,
      0.931763114229884
    ],
    "num_param": 9324
  },
  "estimator": {
    "method": "PQ_KMEANS",
    "N_SUBSPACE": [
      8,
      8,
      8,
      8,
      8
    ],
    "K_CLUSTER": [
      256,
      256,
      256,
      256,
      256
    ],
    "cossim_layer_train": [
      0.9992639837755221,
      0.9900246597607639,
      0.9774377529567524,
      0.9389827314321659,
      0.9910916381481234
    ],
    "cossim_layer_test": [
      0.9978573736487997,
      0.9838037172225135,
      0.9615126938723132,
      0.8823420204943901,
      0.9759630745499238
    ],
    "cossim_amm_train": [
      0.9994084806520105,
      0.9866419433878723,
      0.9873666459819042,
      0.9744874315846914,
      0.9632328711912174,
      0.9832857267166667,
      0.9437287627661544,
      0.9275626448311205,
      0.9843501334266046,
      0.98902501123947
    ],
    "cossim_amm_test": [
      0.9981407536936888,
      0.9805512087106321,
      0.9781111322014729,
      0.9568044330189395,
      0.938252233912504,
      0.9733152096998607,
      0.9018804341810335,
      0.8633454324259096,
      0.9734533873049255,
      0.9775875615277795
    ],
    "f1": [
      0.8934832691505565,
      0.8962102819970732,
      0.894844697955817
    ],
    "lut_num": 10,
    "lut_shapes": [
      [
        4,
        8,
        256
      ],
      [
        4,
        8,
        256
      ],
      [
        4,
        8,
        256
      ],
      [
        8,
        8,
        256
      ],
      [
        8,
        8,
        256
      ],
      [
        8,
        1,
        256
      ],
      [
        16,
        8,
        256
      ],
      [
        16,
        8,
        256
      ],
      [
        16,
        1,
        256
      ],
      [
        256,
        8,
        256
      ]
    ],
    "lut_total_size": 653312
  }
}