{
  "model": {
    "name": "ResNet-tiny",
    "layer": 8,
    "dim": 4,
    "f1": [
      0.8999727360083181,
      0.9805316414612062,
      0.938526657721508
    ],
    "num_param": 9324
  },
  "estimator": {
    "method": "PQ_KMEANS",
    "N_SUBSPACE": [
      1,
      1,
      1,
      1,
      1
    ],
    "K_CLUSTER": [
      16,
      16,
      16,
      16,
      16
    ],
    "cossim_layer_train": [
      0.932525730230413,
      0.8612196055160207,
      0.8016144158599379,
      0.5348484808991444,
      0.9650904059992813
    ],
    "cossim_layer_test": [
      0.9295380576010435,
      0.8306828233944917,
      0.7606825208294414,
      0.5569683569316871,
      0.9607827716201984
    ],
    "cossim_amm_train": [
      0.9199502341690557,
      0.866730301731355,
      0.8268438719322239,
      0.7305722545019263,
      0.6849914340496025,
      0.7598856530255735,
      0.6288465524208933,
      0.37665626603067615,
      0.7014265549282597,
      0.9231893502637544
    ],
    "cossim_amm_test": [
      0.9158376397081145,
      0.85445662827837,
      0.7936640552132754,
      0.6845899957809811,
      0.6140239892377387,
      0.6760599074540098,
      0.5919307728941156,
      0.3855821857244164,
      0.6549612301485916,
      0.9372561888199339
    ],
    "f1": [
      0.922917031689351,
      0.38095661648279905,
      0.539302792382691
    ],
    "lut_num": 10,
    "lut_shapes": [
      [
        4,
        1,
        16
      ],
      [
        4,
        1,
        16
      ],
      [
        4,
        1,
        16
      ],
      [
        8,
        1,
        16
      ],
      [
        8,
        1,
        16
      ],
      [
        8,
        1,
        16
      ],
      [
        16,
        1,
        16
      ],
      [
        16,
        1,
        16
      ],
      [
        16,
        1,
        16
      ],
      [
        256,
        1,
        16
      ]
    ],
    "lut_total_size": 5440
  }
}