{
  "model": {
    "name": "MLP",
    "threshold": 0.4457107484340668,
    "layer": 3,
    "dim": 16,
    "f1": [
      0.8839490650114163,
      0.9921721822902206,
      0.9349392254121953
    ],
    "num_param": 6240
  },
  "estimator": {
    "method": "PQ_KMEANS",
    "N_SUBSPACE": [
      2,
      2,
      2
    ],
    "K_CLUSTER": [
      16,
      16,
      16
    ],
    "cossim_train": [
      0.995145320892334,
      0.9990915060043335,
      1.0000003576278687
    ],
    "cossim_test": [
      0.9890538454055786,
      0.9967817068099976,
      0.999910831451416
    ],
    "f1": [
      0.885027883182273,
      0.990484891776116,
      0.9347915501264313
    ],
    "lut_size": 9216
  }
}