{
  "model": {
    "name": "ResNet-tiny",
    "layer": 8,
    "dim": 4,
    "f1": [
      0.9055436651288509,
      0.9595461720627844,
      0.931763114229884
    ],
    "num_param": 9324
  },
  "estimator": {
    "method": "PQ_KMEANS",
    "N_SUBSPACE": [
      2,
      2,
      2,
      2,
      2
    ],
    "K_CLUSTER": [
      256,
      256,
      256,
      256,
      256
    ],
    "cossim_layer_train": [
      0.9917230655572535,
      0.9720511184591508,
      0.964526345410681,
      0.9173061585574165,
      0.9871441656260053
    ],
    "cossim_layer_test": [
      0.9856708275797199,
      0.9560845549824367,
      0.9421683198006008,
      0.886616216207864,
      0.9798284986633222
    ],
    "cossim_amm_train": [
      0.9910462611135287,
      0.9630969078301748,
      0.9642262829233293,
      0.9489465359853065,
      0.9394386685038281,
      0.9577845941980294,
      0.9213714852841284,
      0.9051994521501471,
      0.977123289199361,
      0.9850640964065047
    ],
    "cossim_amm_test": [
      0.984396183201662,
      0.9476953079962555,
      0.9444332206215167,
      0.9196810559477719,
      0.9018735616699323,
      0.9288041392386941,
      0.8776415803473029,
      0.8635498746649823,
      0.9621617521428515,
      0.9774141477936124
    ],
    "f1": [
      0.890077967006863,
      0.9296706173875169,
      0.9094435794114766
    ],
    "lut_num": 10,
    "lut_shapes": [
      [
        4,
        2,
        256
      ],
      [
        4,
        2,
        256
      ],
      [
        4,
        2,
        256
      ],
      [
        8,
        2,
        256
      ],
      [
        8,
        2,
        256
      ],
      [
        8,
        1,
        256
      ],
      [
        16,
        2,
        256
      ],
      [
        16,
        2,
        256
      ],
      [
        16,
        1,
        256
      ],
      [
        256,
        2,
        256
      ]
    ],
    "lut_total_size": 167936
  }
}