{
  "model": {
    "name": "ResNet-tiny",
    "layer": 8,
    "dim": 4,
    "f1": [
      0.9055436651288509,
      0.9595461720627844,
      0.931763114229884
    ],
    "num_param": 9324
  },
  "estimator": {
    "method": "PQ_KMEANS",
    "N_SUBSPACE": [
      2,
      2,
      2,
      2,
      2
    ],
    "K_CLUSTER": [
      512,
      512,
      512,
      512,
      512
    ],
    "cossim_layer_train": [
      0.9911624270486467,
      0.9760885791902131,
      0.9709287019336447,
      0.936373309957027,
      0.9876815110485399
    ],
    "cossim_layer_test": [
      0.982966663059927,
      0.9596975252001224,
      0.9462406300516023,
      0.884364817085041,
      0.9779336716922732
    ],
    "cossim_amm_train": [
      0.9901467729459665,
      0.9679616629490282,
      0.9708646370325761,
      0.9571104922890671,
      0.9501915692188425,
      0.9661108198805682,
      0.9349271991048863,
      0.9246659106984279,
      0.9811061804338645,
      0.9874700469491111
    ],
    "cossim_amm_test": [
      0.9831163843887195,
      0.9470117717299518,
      0.9441027555951672,
      0.9254459945773412,
      0.9089504825450687,
      0.9407509310328168,
      0.8783888881171172,
      0.8644925318928489,
      0.9627185454510613,
      0.9764631803038538
    ],
    "f1": [
      0.8891269632920825,
      0.9253880991017446,
      0.9068952112588051
    ],
    "lut_num": 10,
    "lut_shapes": [
      [
        4,
        2,
        512
      ],
      [
        4,
        2,
        512
      ],
      [
        4,
        2,
        512
      ],
      [
        8,
        2,
        512
      ],
      [
        8,
        2,
        512
      ],
      [
        8,
        1,
        512
      ],
      [
        16,
        2,
        512
      ],
      [
        16,
        2,
        512
      ],
      [
        16,
        1,
        512
      ],
      [
        256,
        2,
        512
      ]
    ],
    "lut_total_size": 335872
  }
}