{
  "model": "vit",
  "app": "602.gcc-s0.txt.xz",
  "validation": [
    {
      "method": "micro precision f1",
      "threshold": 0.5770683884620667,
      "p": 0.8978127376186066,
      "r": 0.9950256058486574,
      "f1": 0.9439228302520339
    },
    {
      "method": "fixed threshold 0.5",
      "threshold": 0.5,
      "p": 0.8931107780771707,
      "r": 0.9977209846145244,
      "f1": 0.9425221031875491
    }
  ]
}