{
  "model": "rs",
  "app": "602.gcc-s0.txt.xz",
  "validation": [
    {
      "method": "sampled train data",
      "threshold": 0.5635262727737427,
      "p": 0.8782064410538931,
      "r": 0.9953430234449858,
      "f1": 0.9331129717263631
    },
    {
      "method": "micro precision f1",
      "threshold": 0.6236298084259033,
      "p": 0.8896711458332572,
      "r": 0.9874382711262791,
      "f1": 0.9360086632940955
    },
    {
      "method": "fixed threshold 0.5",
      "threshold": 0.5,
      "p": 0.4365262416955987,
      "r": 1.0,
      "f1": 0.6077525478133229
    }
  ]
}