{
  "model": "rs",
  "app": "602.gcc-s0.txt.xz",
  "validation": [
    {
      "method": "sampled train data",
      "threshold": 0.5092473030090332,
      "p": 0.8718550068931993,
      "r": 0.9977197859089246,
      "f1": 0.930550619499258
    },
    {
      "method": "micro precision f1",
      "threshold": 0.5925973653793335,
      "p": 0.8939594629651069,
      "r": 0.98973987283591,
      "f1": 0.9394145959278579
    },
    {
      "method": "fixed threshold 0.5",
      "threshold": 0.5,
      "p": 0.4365262416955987,
      "r": 1.0,
      "f1": 0.6077525478133229
    }
  ]
}