{
  "model": "vit",
  "app": "605.mcf-s0.txt.xz",
  "validation": [
    {
      "method": "micro precision f1",
      "threshold": 0.4384627938270569,
      "p": 0.5353876359217253,
      "r": 0.8553018193412031,
      "f1": 0.6585482004248919
    },
    {
      "method": "fixed threshold 0.5",
      "threshold": 0.5,
      "p": 0.5748341483701653,
      "r": 0.5087555367032434,
      "f1": 0.5397800656428416
    }
  ]
}