{
  "model": "vit",
  "app": "605.mcf-s0.txt.xz",
  "validation": [
    {
      "method": "micro precision f1",
      "threshold": 0.39700961112976074,
      "p": 0.5150550075652333,
      "r": 0.9014836212414195,
      "f1": 0.6555608776438226
    },
    {
      "method": "fixed threshold 0.5",
      "threshold": 0.5,
      "p": 0.5299962368430828,
      "r": 0.44451473292447113,
      "f1": 0.4835063800820472
    }
  ]
}