{
  "model": "vit",
  "app": "605.mcf-s0.txt.xz",
  "validation": [
    {
      "method": "micro precision f1",
      "threshold": 0.3310204744338989,
      "p": 0.5165567738297525,
      "r": 0.9017934996584499,
      "f1": 0.6568582522264879
    },
    {
      "method": "fixed threshold 0.5",
      "threshold": 0.5,
      "p": 0.5314395595317023,
      "r": 0.7168523170955525,
      "f1": 0.6103759653965896
    }
  ]
}