{
  "model": "vit",
  "app": "605.mcf-s0.txt.xz",
  "validation": [
    {
      "method": "micro precision f1",
      "threshold": 0.34329622983932495,
      "p": 0.5136948841202112,
      "r": 0.9046113833472744,
      "f1": 0.655280527769444
    },
    {
      "method": "fixed threshold 0.5",
      "threshold": 0.5,
      "p": 0.5386703212419214,
      "r": 0.7363543081231734,
      "f1": 0.6221875288826343
    }
  ]
}