{
  "model": "vitt",
  "app": "605.mcf-s0.txt.xz",
  "validation": [
    {
      "method": "micro precision f1",
      "threshold": 0.03888852894306183,
      "p": 0.6240817782747099,
      "r": 0.7095727692058142,
      "f1": 0.6640871677869665
    },
    {
      "method": "fixed threshold 0.5",
      "threshold": 0.5,
      "p": 0.902619139384465,
      "r": 0.3816646371661827,
      "f1": 0.5364823765938744
    }
  ]
}