{
  "model": "vit",
  "app": "619.lbm-s0.txt.xz",
  "validation": [
    {
      "method": "micro precision f1",
      "threshold": 0.4640834927558899,
      "p": 0.9670942502957512,
      "r": 0.5275729186280701,
      "f1": 0.6827108359974405
    },
    {
      "method": "fixed threshold 0.5",
      "threshold": 0.5,
      "p": 0.975446260362406,
      "r": 0.5249006423082231,
      "f1": 0.6825253115662719
    }
  ]
}