{
  "model": "vit",
  "app": "619.lbm-s0.txt.xz",
  "validation": [
    {
      "method": "micro precision f1",
      "threshold": 0.4792175889015198,
      "p": 0.9777404298462747,
      "r": 0.6127941180679922,
      "f1": 0.7533990194589136
    },
    {
      "method": "fixed threshold 0.5",
      "threshold": 0.5,
      "p": 0.9800942926067137,
      "r": 0.6116959309830922,
      "f1": 0.7532646976751017
    }
  ]
}