{
  "model": "vit",
  "app": "619.lbm-s0.txt.xz",
  "validation": [
    {
      "method": "micro precision f1",
      "threshold": 0.4868088364601135,
      "p": 0.9569044010706298,
      "r": 0.5976189090451115,
      "f1": 0.7357421538898863
    },
    {
      "method": "fixed threshold 0.5",
      "threshold": 0.5,
      "p": 0.9603846361123729,
      "r": 0.5950981355626563,
      "f1": 0.7348498058362238
    }
  ]
}