{
  "model": "vit",
  "app": "619.lbm-s0.txt.xz",
  "validation": [
    {
      "method": "micro precision f1",
      "threshold": 0.5319634079933167,
      "p": 0.4359731013526114,
      "r": 0.41710309505567744,
      "f1": 0.42632939636769324
    },
    {
      "method": "fixed threshold 0.5",
      "threshold": 0.5,
      "p": 0.35198886739335666,
      "r": 0.5133227935360575,
      "f1": 0.4176157952381728
    }
  ]
}