{
  "model": "vitt",
  "app": "619.lbm-s0.txt.xz",
  "validation": [
    {
      "method": "micro precision f1",
      "threshold": 0.4493672549724579,
      "p": 0.9525920543749684,
      "r": 0.5209231911524738,
      "f1": 0.6735285492806362
    },
    {
      "method": "fixed threshold 0.5",
      "threshold": 0.5,
      "p": 0.9646035611797166,
      "r": 0.5153230732089289,
      "f1": 0.6717663700684086
    }
  ]
}