{
  "model": "vit",
  "app": "619.lbm-s0.txt.xz",
  "validation": [
    {
      "method": "micro precision f1",
      "threshold": 0.3161879777908325,
      "p": 0.6197458409145362,
      "r": 0.4927449945507693,
      "f1": 0.548996272632789
    },
    {
      "method": "fixed threshold 0.5",
      "threshold": 0.5,
      "p": 0.7257424792027168,
      "r": 0.39446363192560757,
      "f1": 0.5111184653342852
    }
  ]
}