{
  "model": "vit",
  "app": "621.wrf-s2.txt.xz",
  "validation": [
    {
      "method": "micro precision f1",
      "threshold": 0.27587613463401794,
      "p": 0.559470304975923,
      "r": 0.5564093633447981,
      "f1": 0.5579356359641144
    },
    {
      "method": "fixed threshold 0.5",
      "threshold": 0.5,
      "p": 0.8525921789844442,
      "r": 0.3642427474712293,
      "f1": 0.5104234124020908
    }
  ]
}