{
  "model": "vitt",
  "app": "621.wrf-s2.txt.xz",
  "validation": [
    {
      "method": "micro precision f1",
      "threshold": 0.16098853945732117,
      "p": 0.6246173729358802,
      "r": 0.6031834574136155,
      "f1": 0.6137133275285842
    },
    {
      "method": "fixed threshold 0.5",
      "threshold": 0.5,
      "p": 0.798125136952012,
      "r": 0.45260550452058573,
      "f1": 0.5776396904379212
    }
  ]
}