{
  "model": "vit",
  "app": "621.wrf-s2.txt.xz",
  "validation": [
    {
      "method": "micro precision f1",
      "threshold": 0.16638128459453583,
      "p": 0.6575089505790648,
      "r": 0.6597996212286125,
      "f1": 0.6586522942778305
    },
    {
      "method": "fixed threshold 0.5",
      "threshold": 0.5,
      "p": 0.8878285370155289,
      "r": 0.37440590215798103,
      "f1": 0.5266981062259004
    }
  ]
}