{
  "model": "vit",
  "app": "621.wrf-s2.txt.xz",
  "validation": [
    {
      "method": "micro precision f1",
      "threshold": 0.29940423369407654,
      "p": 0.6536594991253893,
      "r": 0.5713000596614214,
      "f1": 0.6097110850229818
    },
    {
      "method": "fixed threshold 0.5",
      "threshold": 0.5,
      "p": 0.8747021280141312,
      "r": 0.366987657543441,
      "f1": 0.5170452213457228
    }
  ]
}