{
  "model": "rs",
  "app": "bc-3.txt.xz",
  "validation": [
    {
      "method": "sampled train data",
      "threshold": 0.21213896572589874,
      "p": 0.031193376159854794,
      "r": 1.0,
      "f1": 0.06049956658181486
    },
    {
      "method": "micro precision f1",
      "threshold": 0.5343707799911499,
      "p": 0.137203363348965,
      "r": 0.3770919376163281,
      "f1": 0.2012006799814406
    },
    {
      "method": "fixed threshold 0.5",
      "threshold": 0.5,
      "p": 0.031694380005484704,
      "r": 0.9999583534227996,
      "f1": 0.06144133392197161
    }
  ]
}