{
  "model": "rs",
  "app": "bc-3.txt.xz",
  "validation": [
    {
      "method": "sampled train data",
      "threshold": 0.21906809508800507,
      "p": 0.031193376159854794,
      "r": 1.0,
      "f1": 0.06049956658181486
    },
    {
      "method": "micro precision f1",
      "threshold": 0.5306065678596497,
      "p": 0.14083666027687067,
      "r": 0.4429034750442728,
      "f1": 0.21371511902617116
    },
    {
      "method": "fixed threshold 0.5",
      "threshold": 0.5,
      "p": 0.03148139465394725,
      "r": 0.9999863250045014,
      "f1": 0.06104110394543691
    }
  ]
}