{
  "model": "rs",
  "app": "bc-3.txt.xz",
  "validation": [
    {
      "method": "sampled train data",
      "threshold": 0.20964957773685455,
      "p": 0.031193376159854794,
      "r": 1.0,
      "f1": 0.06049956658181486
    },
    {
      "method": "micro precision f1",
      "threshold": 0.5288487076759338,
      "p": 0.1370304883050176,
      "r": 0.4351116283666647,
      "f1": 0.20842219848845617
    },
    {
      "method": "fixed threshold 0.5",
      "threshold": 0.5,
      "p": 0.03166323701489383,
      "r": 0.9999726500090027,
      "f1": 0.061382841415079825
    }
  ]
}