{
  "model": "rs",
  "app": "bc-3.txt.xz",
  "validation": [
    {
      "method": "sampled train data",
      "threshold": 0.17087213695049286,
      "p": 0.031193376159854794,
      "r": 1.0,
      "f1": 0.06049956658181486
    },
    {
      "method": "micro precision f1",
      "threshold": 0.5325058102607727,
      "p": 0.1294034278124708,
      "r": 0.3635288284444879,
      "f1": 0.19086548267941347
    },
    {
      "method": "fixed threshold 0.5",
      "threshold": 0.5,
      "p": 0.03153853436216135,
      "r": 0.9999703708430863,
      "f1": 0.06114847820087916
    }
  ]
}