{
  "model": "rs",
  "app": "bc-3.txt.xz",
  "validation": [
    {
      "method": "sampled train data",
      "threshold": 0.1934129148721695,
      "p": 0.031193376159854794,
      "r": 1.0,
      "f1": 0.06049956658181486
    },
    {
      "method": "micro precision f1",
      "threshold": 0.541374683380127,
      "p": 0.11564218216716442,
      "r": 0.323569870006736,
      "f1": 0.1703884293061674
    },
    {
      "method": "fixed threshold 0.5",
      "threshold": 0.5,
      "p": 0.03233737459665776,
      "r": 0.9999293458565903,
      "f1": 0.06264871120316232
    }
  ]
}