{
  "model": "rs",
  "app": "bc-3.txt.xz",
  "validation": [
    {
      "method": "sampled train data",
      "threshold": 0.20780999958515167,
      "p": 0.031193376159854794,
      "r": 1.0,
      "f1": 0.06049956658181486
    },
    {
      "method": "micro precision f1",
      "threshold": 0.5319465398788452,
      "p": 0.1347903022117926,
      "r": 0.37429353626474127,
      "f1": 0.19820365549227922
    },
    {
      "method": "fixed threshold 0.5",
      "threshold": 0.5,
      "p": 0.0315429332019362,
      "r": 0.9999848746261909,
      "f1": 0.06115677321330358
    }
  ]
}