{
  "model": "mt",
  "app": "bc-3.txt.xz",
  "validation": [
    {
      "method": "sampled train data",
      "threshold": 0.23956458270549774,
      "p": 0.031193376159854794,
      "r": 1.0,
      "f1": 0.06049956658181486
    },
    {
      "method": "micro precision f1",
      "threshold": 0.5317710638046265,
      "p": 0.14833423058687079,
      "r": 0.468078934560381,
      "f1": 0.22527789001829665
    },
    {
      "method": "fixed threshold 0.5",
      "threshold": 0.5,
      "p": 0.03225731657112351,
      "r": 0.9999641549360414,
      "f1": 0.0624985261320908
    }
  ]
}