{
  "model": "rs",
  "app": "bc-3.txt.xz",
  "validation": [
    {
      "method": "sampled train data",
      "threshold": 0.200791597366333,
      "p": 0.031193376159854794,
      "r": 1.0,
      "f1": 0.06049956658181486
    },
    {
      "method": "micro precision f1",
      "threshold": 0.5337947607040405,
      "p": 0.13123586184207137,
      "r": 0.3745711801127441,
      "f1": 0.19437124265141803
    },
    {
      "method": "fixed threshold 0.5",
      "threshold": 0.5,
      "p": 0.03165690080625703,
      "r": 0.9999649837236474,
      "f1": 0.06137092043931393
    }
  ]
}