{
  "model": "rs",
  "app": "bc-3.txt.xz",
  "validation": [
    {
      "method": "sampled train data",
      "threshold": 0.20426782965660095,
      "p": 0.031193376159854794,
      "r": 1.0,
      "f1": 0.06049956658181486
    },
    {
      "method": "micro precision f1",
      "threshold": 0.5322662591934204,
      "p": 0.13894153447359747,
      "r": 0.3999007941235644,
      "f1": 0.20623038326403254
    },
    {
      "method": "fixed threshold 0.5",
      "threshold": 0.5,
      "p": 0.0319127031024174,
      "r": 0.9999482007746263,
      "f1": 0.06185145677913897
    }
  ]
}