{
  "model": "rs",
  "app": "bc-3.txt.xz",
  "validation": [
    {
      "method": "sampled train data",
      "threshold": 0.19653518497943878,
      "p": 0.031193376159854794,
      "r": 1.0,
      "f1": 0.06049956658181486
    },
    {
      "method": "micro precision f1",
      "threshold": 0.5275630950927734,
      "p": 0.14169710467549587,
      "r": 0.4180149832367347,
      "f1": 0.21164993258072867
    },
    {
      "method": "fixed threshold 0.5",
      "threshold": 0.5,
      "p": 0.03162270801913309,
      "r": 0.9999788659160476,
      "f1": 0.06130669146139542
    }
  ]
}