{
  "model": "rs",
  "app": "bc-3.txt.xz",
  "validation": [
    {
      "method": "sampled train data",
      "threshold": 0.1961355358362198,
      "p": 0.031193376159854794,
      "r": 1.0,
      "f1": 0.06049956658181486
    },
    {
      "method": "micro precision f1",
      "threshold": 0.5341771841049194,
      "p": 0.13061309681398753,
      "r": 0.34437782603623834,
      "f1": 0.18939416384108432
    },
    {
      "method": "fixed threshold 0.5",
      "threshold": 0.5,
      "p": 0.03141923221105837,
      "r": 0.9999861178075998,
      "f1": 0.06092424485225597
    }
  ]
}