{
  "model": "rs",
  "app": "bc-3.txt.xz",
  "validation": [
    {
      "method": "sampled train data",
      "threshold": 0.20936588943004608,
      "p": 0.031193376159854794,
      "r": 1.0,
      "f1": 0.06049956658181486
    },
    {
      "method": "micro precision f1",
      "threshold": 0.5295459032058716,
      "p": 0.13561174785100286,
      "r": 0.4118653792003733,
      "f1": 0.20404061171833135
    },
    {
      "method": "fixed threshold 0.5",
      "threshold": 0.5,
      "p": 0.031590598581664305,
      "r": 0.999982802657176,
      "f1": 0.06124635487765244
    }
  ]
}