{
  "model": "rs",
  "app": "bc-3.txt.xz",
  "validation": [
    {
      "method": "sampled train data",
      "threshold": 0.21104401350021362,
      "p": 0.031193376159854794,
      "r": 1.0,
      "f1": 0.06049956658181486
    },
    {
      "method": "micro precision f1",
      "threshold": 0.5327640175819397,
      "p": 0.1345484349332541,
      "r": 0.39779256565085624,
      "f1": 0.20108301662911218
    },
    {
      "method": "fixed threshold 0.5",
      "threshold": 0.5,
      "p": 0.031951688624881965,
      "r": 0.9999542094847697,
      "f1": 0.06192468828626131
    }
  ]
}