{
  "model": "rs",
  "app": "bc-3.txt.xz",
  "validation": [
    {
      "method": "sampled train data",
      "threshold": 0.23207736015319824,
      "p": 0.031193376159854794,
      "r": 1.0,
      "f1": 0.06049956658181486
    },
    {
      "method": "micro precision f1",
      "threshold": 0.5325689911842346,
      "p": 0.14129234884071676,
      "r": 0.4522679462042253,
      "f1": 0.215317638184419
    },
    {
      "method": "fixed threshold 0.5",
      "threshold": 0.5,
      "p": 0.03146083606878041,
      "r": 0.9999908833363342,
      "f1": 0.061002466056412345
    }
  ]
}