{
  "model": "rs",
  "app": "bc-3.txt.xz",
  "validation": [
    {
      "method": "sampled train data",
      "threshold": 0.21438707411289215,
      "p": 0.031193376159854794,
      "r": 1.0,
      "f1": 0.06049956658181486
    },
    {
      "method": "micro precision f1",
      "threshold": 0.5302591919898987,
      "p": 0.1407012312524781,
      "r": 0.41373180888903716,
      "f1": 0.20998955943947398
    },
    {
      "method": "fixed threshold 0.5",
      "threshold": 0.5,
      "p": 0.03162309218816031,
      "r": 0.9999832170509789,
      "f1": 0.061307421593300326
    }
  ]
}