{
  "model": "rs",
  "app": "bc-3.txt.xz",
  "validation": [
    {
      "method": "sampled train data",
      "threshold": 0.19376614689826965,
      "p": 0.031193376159854794,
      "r": 1.0,
      "f1": 0.06049956658181486
    },
    {
      "method": "micro precision f1",
      "threshold": 0.5325656533241272,
      "p": 0.13267580450070995,
      "r": 0.3737502659890223,
      "f1": 0.19583358800819578
    },
    {
      "method": "fixed threshold 0.5",
      "threshold": 0.5,
      "p": 0.03168231883305981,
      "r": 0.9999678844802683,
      "f1": 0.06141868869346227
    }
  ]
}