{
  "model": "rs",
  "app": "bc-3.txt.xz",
  "validation": [
    {
      "method": "sampled train data",
      "threshold": 0.22836829721927643,
      "p": 0.031193376159854794,
      "r": 1.0,
      "f1": 0.06049956658181486
    },
    {
      "method": "micro precision f1",
      "threshold": 0.5311498641967773,
      "p": 0.1382161044096073,
      "r": 0.4557183962048158,
      "f1": 0.2121029216725519
    },
    {
      "method": "fixed threshold 0.5",
      "threshold": 0.5,
      "p": 0.03179221219573608,
      "r": 0.9999620829670265,
      "f1": 0.061625150248321124
    }
  ]
}