{
  "model": "rs",
  "app": "bc-3.txt.xz",
  "validation": [
    {
      "method": "sampled train data",
      "threshold": 0.19635488092899323,
      "p": 0.031193376159854794,
      "r": 1.0,
      "f1": 0.06049956658181486
    },
    {
      "method": "micro precision f1",
      "threshold": 0.5309888124465942,
      "p": 0.12862912693952627,
      "r": 0.38239037678134946,
      "f1": 0.1925035735713433
    },
    {
      "method": "fixed threshold 0.5",
      "threshold": 0.5,
      "p": 0.031703599838714,
      "r": 0.9999749291749191,
      "f1": 0.06145868913956833
    }
  ]
}