{
  "model": "rs",
  "app": "bc-3.txt.xz",
  "validation": [
    {
      "method": "sampled train data",
      "threshold": 0.2642815411090851,
      "p": 0.031193376159854794,
      "r": 1.0,
      "f1": 0.06049956658181486
    },
    {
      "method": "micro precision f1",
      "threshold": 0.5458574891090393,
      "p": 0.14521220665212886,
      "r": 0.3873200054617103,
      "f1": 0.21123076273773422
    },
    {
      "method": "fixed threshold 0.5",
      "threshold": 0.5,
      "p": 0.031496110216066894,
      "r": 0.9999763795532296,
      "f1": 0.06106874701217955
    }
  ]
}