{
  "model": "rs",
  "app": "bc-3.txt.xz",
  "validation": [
    {
      "method": "sampled train data",
      "threshold": 0.17121222615242004,
      "p": 0.031193376159854794,
      "r": 1.0,
      "f1": 0.06049956658181486
    },
    {
      "method": "micro precision f1",
      "threshold": 0.5320125222206116,
      "p": 0.1284216808354338,
      "r": 0.35775715155645277,
      "f1": 0.1889994860851676
    },
    {
      "method": "fixed threshold 0.5",
      "threshold": 0.5,
      "p": 0.03191696664061489,
      "r": 0.9999521375157547,
      "f1": 0.061859472072080625
    }
  ]
}