{
  "model": "rs",
  "app": "bc-3.txt.xz",
  "validation": [
    {
      "method": "sampled train data",
      "threshold": 0.21020206809043884,
      "p": 0.031193376159854794,
      "r": 1.0,
      "f1": 0.06049956658181486
    },
    {
      "method": "micro precision f1",
      "threshold": 0.5286950469017029,
      "p": 0.13728820368798783,
      "r": 0.4241090585034955,
      "f1": 0.20742947901975692
    },
    {
      "method": "fixed threshold 0.5",
      "threshold": 0.5,
      "p": 0.03156563077568161,
      "r": 0.9999852890199938,
      "f1": 0.06119943438288178
    }
  ]
}