{
  "model": "rs",
  "app": "bc-3.txt.xz",
  "validation": [
    {
      "method": "sampled train data",
      "threshold": 0.2306501567363739,
      "p": 0.031193376159854794,
      "r": 1.0,
      "f1": 0.06049956658181486
    },
    {
      "method": "micro precision f1",
      "threshold": 0.5357066988945007,
      "p": 0.14585974813457017,
      "r": 0.4197011516210982,
      "f1": 0.21648421697358997
    },
    {
      "method": "fixed threshold 0.5",
      "threshold": 0.5,
      "p": 0.03160133043565981,
      "r": 0.99995980380111,
      "f1": 0.061266480741689916
    }
  ]
}