{
  "model": "rs",
  "app": "bc-3.txt.xz",
  "validation": [
    {
      "method": "sampled train data",
      "threshold": 0.22082369029521942,
      "p": 0.031193376159854794,
      "r": 1.0,
      "f1": 0.06049956658181486
    },
    {
      "method": "micro precision f1",
      "threshold": 0.5348807573318481,
      "p": 0.13382302081133138,
      "r": 0.37072021850156445,
      "f1": 0.1966566813313285
    },
    {
      "method": "fixed threshold 0.5",
      "threshold": 0.5,
      "p": 0.031546492768221995,
      "r": 0.9999838386416834,
      "f1": 0.06116346165203187
    }
  ]
}