{
  "model": "rs",
  "app": "bc-3.txt.xz",
  "validation": [
    {
      "method": "sampled train data",
      "threshold": 0.21542887389659882,
      "p": 0.031193376159854794,
      "r": 1.0,
      "f1": 0.06049956658181486
    },
    {
      "method": "micro precision f1",
      "threshold": 0.5346570611000061,
      "p": 0.13520384274606104,
      "r": 0.3550955001598524,
      "f1": 0.19584067104352437
    },
    {
      "method": "fixed threshold 0.5",
      "threshold": 0.5,
      "p": 0.031469865425172404,
      "r": 0.9999840458385849,
      "f1": 0.06101942705574275
    }
  ]
}