{
  "model": "rs",
  "app": "bc-3.txt.xz",
  "validation": [
    {
      "method": "sampled train data",
      "threshold": 0.19575399160385132,
      "p": 0.031193376159854794,
      "r": 1.0,
      "f1": 0.06049956658181486
    },
    {
      "method": "micro precision f1",
      "threshold": 0.5343624949455261,
      "p": 0.1277737016819355,
      "r": 0.34993712610024147,
      "f1": 0.18719593259106068
    },
    {
      "method": "fixed threshold 0.5",
      "threshold": 0.5,
      "p": 0.03148081773212448,
      "r": 0.9999796947036536,
      "f1": 0.06104000710691531
    }
  ]
}