{
  "model": "rs",
  "app": "bc-3.txt.xz",
  "validation": [
    {
      "method": "sampled train data",
      "threshold": 0.213631272315979,
      "p": 0.031193376159854794,
      "r": 1.0,
      "f1": 0.06049956658181486
    },
    {
      "method": "micro precision f1",
      "threshold": 0.5297279357910156,
      "p": 0.1331357255940488,
      "r": 0.427657927032296,
      "f1": 0.20305703588064022
    },
    {
      "method": "fixed threshold 0.5",
      "threshold": 0.5,
      "p": 0.03141698268243403,
      "r": 0.9999894329580238,
      "f1": 0.060920021868103094
    }
  ]
}