{
  "model": "rs",
  "app": "bc-3.txt.xz",
  "validation": [
    {
      "method": "sampled train data",
      "threshold": 0.20385082066059113,
      "p": 0.031193376159854794,
      "r": 1.0,
      "f1": 0.06049956658181486
    },
    {
      "method": "micro precision f1",
      "threshold": 0.5275909304618835,
      "p": 0.13712462415542545,
      "r": 0.42505864190304554,
      "f1": 0.20735589276294303
    },
    {
      "method": "fixed threshold 0.5",
      "threshold": 0.5,
      "p": 0.0316936233777054,
      "r": 0.9999695420554803,
      "f1": 0.061439933336721354
    }
  ]
}