{
  "model": "rs",
  "app": "bc-3.txt.xz",
  "validation": [
    {
      "method": "sampled train data",
      "threshold": 0.21305076777935028,
      "p": 0.031193376159854794,
      "r": 1.0,
      "f1": 0.06049956658181486
    },
    {
      "method": "micro precision f1",
      "threshold": 0.5329649448394775,
      "p": 0.13905011310144283,
      "r": 0.38362899985848453,
      "f1": 0.20411627132842944
    },
    {
      "method": "fixed threshold 0.5",
      "threshold": 0.5,
      "p": 0.03169219234048544,
      "r": 0.9999718212213967,
      "f1": 0.06143724871006773
    }
  ]
}