{
  "model": "ms",
  "app": "bc-3.txt.xz",
  "validation": [
    {
      "method": "sampled train data",
      "threshold": 0.1584237664937973,
      "p": 0.031193376159854794,
      "r": 1.0,
      "f1": 0.06049956658181486
    },
    {
      "method": "micro precision f1",
      "threshold": 0.5442824959754944,
      "p": 0.07394795127930687,
      "r": 0.5142424042133904,
      "f1": 0.12930226379068044
    },
    {
      "method": "fixed threshold 0.5",
      "threshold": 0.5,
      "p": 0.031202871758155105,
      "r": 0.9999997928030985,
      "f1": 0.060517425653264116
    }
  ]
}