{
  "model": "vit",
  "app": "pr-3.txt.xz",
  "validation": [
    {
      "method": "micro precision f1",
      "threshold": 0.43076184391975403,
      "p": 0.9928976508210436,
      "r": 0.9968934298592144,
      "f1": 0.9948915282982929
    },
    {
      "method": "fixed threshold 0.5",
      "threshold": 0.5,
      "p": 0.9943196236253511,
      "r": 0.9943475640703072,
      "f1": 0.9943335936515498
    }
  ]
}