{
  "model": {
    "name": "MLP",
    "layer": 3,
    "dim": 64,
    "f1": [
      0.754782424158504,
      0.9478785095130627,
      0.8403811059143308
    ],
    "num_param": 27264
  },
  "estimator": {
    "method": "PQ_KMEANS",
    "N_SUBSPACE": [
      2,
      2,
      2
    ],
    "K_CLUSTER": [
      16,
      16,
      16
    ],
    "cossim_train": [
      0.9937354326248169,
      0.9982409477233887,
      0.9987059831619263
    ],
    "cossim_test": [
      0.9901742935180664,
      0.9942731261253357,
      0.984592080116272
    ],
    "f1": [
      0.7221598638576091,
      0.9236072520800964,
      0.8105546416146882
    ],
    "lut_size": 12288
  }
}