{
  "model": {
    "name": "MLP",
    "layer": 3,
    "dim": 64,
    "f1": [
      0.754782424158504,
      0.9478785095130627,
      0.8403811059143308
    ],
    "num_param": 27264
  },
  "estimator": {
    "method": "PQ_KMEANS",
    "N_SUBSPACE": [
      2,
      2,
      2
    ],
    "K_CLUSTER": [
      16,
      16,
      16
    ],
    "cossim_train": [
      0.9939038753509521,
      0.9983295798301697,
      0.9985414743423462
    ],
    "cossim_test": [
      0.9919466972351074,
      0.9949332475662231,
      0.9897635579109192
    ],
    "f1": [
      0.7233248472720057,
      0.9714891638409109,
      0.8292381895051705
    ],
    "lut_size": 12288
  }
}