{
  "model": "vit",
  "app": "410.bwaves-s0.txt.xz",
  "validation": [
    {
      "method": "micro precision f1",
      "threshold": 0.47502246499061584,
      "p": 0.9156293539897598,
      "r": 0.9273639256203347,
      "f1": 0.9214592820531561
    },
    {
      "method": "fixed threshold 0.5",
      "threshold": 0.5,
      "p": 0.9203441038880744,
      "r": 0.9220721777949841,
      "f1": 0.9212073304276566
    }
  ]
}