{
  "model": "vitt",
  "app": "437.leslie3d-s0",
  "validation": [
    {
      "method": "micro precision f1",
      "threshold": 0.2834973931312561,
      "p": 0.586032749134742,
      "r": 0.7193445178321376,
      "f1": 0.6458813954063886
    },
    {
      "method": "fixed threshold 0.5",
      "threshold": 0.5,
      "p": 0.6998005391367886,
      "r": 0.5425926365441108,
      "f1": 0.6112503304392675
    }
  ]
}