{
  "model": "vitt",
  "app": "437.leslie3d-s0",
  "validation": [
    {
      "method": "micro precision f1",
      "threshold": 0.3555736541748047,
      "p": 0.7761987700180336,
      "r": 0.8351686623105244,
      "f1": 0.8046046797734409
    },
    {
      "method": "fixed threshold 0.5",
      "threshold": 0.5,
      "p": 0.8323521320495185,
      "r": 0.7526617798268599,
      "f1": 0.7905036447401653
    }
  ]
}