{
  "model": "rs",
  "app": "410.bwaves-s0.txt.xz",
  "validation": [
    {
      "method": "sampled train data",
      "threshold": 0.44376590847969055,
      "p": 0.1843765251273199,
      "r": 1.0,
      "f1": 0.31134782092628777
    },
    {
      "method": "micro precision f1",
      "threshold": 0.6096559762954712,
      "p": 0.956559070809657,
      "r": 0.961094639829754,
      "f1": 0.9588214916332843
    },
    {
      "method": "fixed threshold 0.5",
      "threshold": 0.5,
      "p": 0.22946612611118733,
      "r": 0.9999977022753984,
      "f1": 0.3732775109981882
    }
  ]
}