{
  "model": {
    "name": "ResNet-tiny",
    "layer": 8,
    "dim": 4,
    "f1": [
      0.9761341802729766,
      0.9377675716108441,
      0.9565663220694913
    ],
    "num_param": 9324
  },
  "estimator": {
    "method": "PQ_KMEANS",
    "N_SUBSPACE": [
      2,
      2,
      2,
      2,
      2
    ],
    "K_CLUSTER": [
      128,
      128,
      128,
      128,
      128
    ],
    "cossim_layer_train": [
      0.9782429615601457,
      0.9300147713825222,
      0.9018186147044747,
      0.6753073088438701,
      0.8371814655925723
    ],
    "cossim_layer_test": [
      0.974629805412641,
      0.9247607327370485,
      0.9017584221267898,
      0.6788297488931416,
      0.8416243822653326
    ],
    "cossim_amm_train": [
      0.9754585882226874,
      0.8930200853664003,
      0.8934820092294928,
      0.8805618803898659,
      0.8690977140049078,
      0.9017683403143629,
      0.8505117896533968,
      0.5313957315052924,
      0.7951965546927285,
      0.9088087294760598
    ],
    "cossim_amm_test": [
      0.9697265270957759,
      0.8826361439918178,
      0.8710762365860726,
      0.8692532837741738,
      0.8636033770716893,
      0.8941875263958871,
      0.8494300287962843,
      0.5406707207459749,
      0.7970307989231853,
      0.9147229483370832
    ],
    "f1": [
      0.8380173914085364,
      0.669611141146457,
      0.7444085457983045
    ],
    "lut_num": 10,
    "lut_shapes": [
      [
        4,
        2,
        128
      ],
      [
        4,
        2,
        128
      ],
      [
        4,
        2,
        128
      ],
      [
        8,
        2,
        128
      ],
      [
        8,
        2,
        128
      ],
      [
        8,
        1,
        128
      ],
      [
        16,
        2,
        128
      ],
      [
        16,
        2,
        128
      ],
      [
        16,
        1,
        128
      ],
      [
        256,
        2,
        128
      ]
    ],
    "lut_total_size": 83968
  }
}