{
  "model": {
    "name": "ResNet-tiny",
    "layer": 8,
    "dim": 4,
    "f1": [
      0.9886281588447653,
      0.9620586685403126,
      0.9751624677290126
    ],
    "num_param": 9324
  },
  "estimator": {
    "method": "PQ_KMEANS",
    "N_SUBSPACE": [
      1,
      1,
      1,
      1,
      1
    ],
    "K_CLUSTER": [
      16,
      16,
      16,
      16,
      16
    ],
    "cossim_layer_train": [
      0.8538971073314539,
      0.7617866312339481,
      0.6122753305585594,
      0.42898541718564887,
      0.6080146147647829
    ],
    "cossim_layer_test": [
      0.7582793861327869,
      0.7103260756511903,
      0.5952173473125117,
      0.36397848103030506,
      0.6158638115929292
    ],
    "cossim_amm_train": [
      0.8438043482691913,
      0.7138682582312156,
      0.5962298865007039,
      0.5621223795581896,
      0.5370059098377988,
      0.5499626277936782,
      0.5402417592904689,
      0.18028295982942769,
      0.32842329772531875,
      0.8319504625197869
    ],
    "cossim_amm_test": [
      0.6545928535978484,
      0.4599667320284762,
      0.4756073592704653,
      0.4094648715417909,
      0.45006368728004464,
      0.3588041127670657,
      0.4814870673800196,
      0.06143963280374858,
      0.24983695468640366,
      0.8066092092350915
    ],
    "f1": [
      0.8519047619047619,
      0.3142455647286141,
      0.45912998845117414
    ],
    "lut_num": 10,
    "lut_shapes": [
      [
        4,
        1,
        16
      ],
      [
        4,
        1,
        16
      ],
      [
        4,
        1,
        16
      ],
      [
        8,
        1,
        16
      ],
      [
        8,
        1,
        16
      ],
      [
        8,
        1,
        16
      ],
      [
        16,
        1,
        16
      ],
      [
        16,
        1,
        16
      ],
      [
        16,
        1,
        16
      ],
      [
        256,
        1,
        16
      ]
    ],
    "lut_total_size": 5440
  }
}