{
  "model": {
    "name": "ResNet-tiny",
    "layer": 8,
    "dim": 4,
    "f1": [
      0.9761341802729766,
      0.9377675716108441,
      0.9565663220694913
    ],
    "num_param": 9324
  },
  "estimator": {
    "method": "PQ_KMEANS",
    "N_SUBSPACE": [
      2,
      2,
      2,
      2,
      2
    ],
    "K_CLUSTER": [
      256,
      256,
      256,
      256,
      2048
    ],
    "cossim_layer_train": [
      0.9861515941120571,
      0.9498835364343737,
      0.9338539091740303,
      0.7258966148993766,
      0.8741072048044677
    ],
    "cossim_layer_test": [
      0.981358540703036,
      0.9429967149080851,
      0.9313931535792715,
      0.7283009306146221,
      0.8778199089828215
    ],
    "cossim_amm_train": [
      0.9819648589697959,
      0.9271506666752124,
      0.9301159771083113,
      0.9153890246976503,
      0.909524649944671,
      0.9297293512109001,
      0.8899069048101365,
      0.5995244609919363,
      0.8692036064877915,
      0.9239401661237916
    ],
    "cossim_amm_test": [
      0.9762136531653332,
      0.9159981335096754,
      0.9134946827799247,
      0.9047749256163249,
      0.9034518236334629,
      0.9217992353496078,
      0.8854357664857808,
      0.6032794233622646,
      0.8686159200257957,
      0.9270956067973251
    ],
    "f1": [
      0.8095974188496761,
      0.8323122007149572,
      0.8207976874568734
    ],
    "lut_num": 10,
    "lut_shapes": [
      [
        4,
        2,
        256
      ],
      [
        4,
        2,
        256
      ],
      [
        4,
        2,
        256
      ],
      [
        8,
        2,
        256
      ],
      [
        8,
        2,
        256
      ],
      [
        8,
        1,
        256
      ],
      [
        16,
        2,
        256
      ],
      [
        16,
        2,
        256
      ],
      [
        16,
        1,
        256
      ],
      [
        256,
        2,
        2048
      ]
    ],
    "lut_total_size": 1085440
  }
}