{
  "model": {
    "name": "ResNet-tiny",
    "layer": 8,
    "dim": 4,
    "f1": [
      0.9761341802729766,
      0.9377675716108441,
      0.9565663220694913
    ],
    "num_param": 9324
  },
  "estimator": {
    "method": "PQ_KMEANS",
    "N_SUBSPACE": [
      2,
      2,
      2,
      2,
      2
    ],
    "K_CLUSTER": [
      256,
      2048,
      256,
      256,
      256
    ],
    "cossim_layer_train": [
      0.98502711086838,
      0.9559546362743607,
      0.9372844164235938,
      0.7200115917945042,
      0.8671850012706754
    ],
    "cossim_layer_test": [
      0.9799680932589185,
      0.940725351309362,
      0.9207680698930908,
      0.7049799431233983,
      0.861225227054736
    ],
    "cossim_amm_train": [
      0.9813863672984589,
      0.9426423591137325,
      0.9321087165216344,
      0.9157003383257388,
      0.913276659738302,
      0.9383897795785666,
      0.8922053458362456,
      0.5852040117308197,
      0.8828440398107797,
      0.9186483995191301
    ],
    "cossim_amm_test": [
      0.9752081111254238,
      0.9259164729888378,
      0.8992690894671356,
      0.8957832067991858,
      0.8872190673372917,
      0.9086359892553908,
      0.8736690189185569,
      0.5665513412044528,
      0.8628851167511703,
      0.9180691184706554
    ],
    "f1": [
      0.8045891834158656,
      0.793334980676587,
      0.798922450290808
    ],
    "lut_num": 10,
    "lut_shapes": [
      [
        4,
        2,
        256
      ],
      [
        4,
        2,
        2048
      ],
      [
        4,
        2,
        2048
      ],
      [
        8,
        2,
        256
      ],
      [
        8,
        2,
        256
      ],
      [
        8,
        1,
        256
      ],
      [
        16,
        2,
        256
      ],
      [
        16,
        2,
        256
      ],
      [
        16,
        1,
        256
      ],
      [
        256,
        2,
        256
      ]
    ],
    "lut_total_size": 196608
  }
}