{
  "model": "rs",
  "app": "410.bwaves-s0.txt.xz",
  "validation": [
    {
      "method": "sampled train data",
      "threshold": 0.501070499420166,
      "p": 0.6541134226075968,
      "r": 0.9992167631264219,
      "f1": 0.7906479933593337
    },
    {
      "method": "micro precision f1",
      "threshold": 0.6194478869438171,
      "p": 0.9575200494325516,
      "r": 0.957800564397753,
      "f1": 0.9576602863732532
    },
    {
      "method": "fixed threshold 0.5",
      "threshold": 0.5,
      "p": 0.2313348218363265,
      "r": 0.9999977022753984,
      "f1": 0.37574625174381415
    }
  ]
}