{
  "model": "rs",
  "app": "410.bwaves-s0.txt.xz",
  "validation": [
    {
      "method": "sampled train data",
      "threshold": 0.4811192750930786,
      "p": 0.1843765251273199,
      "r": 1.0,
      "f1": 0.31134782092628777
    },
    {
      "method": "micro precision f1",
      "threshold": 0.6182360053062439,
      "p": 0.9587060303408582,
      "r": 0.9583497205775408,
      "f1": 0.958527842346796
    },
    {
      "method": "fixed threshold 0.5",
      "threshold": 0.5,
      "p": 0.2236280200566749,
      "r": 0.9999977980139234,
      "f1": 0.3655161967463259
    }
  ]
}