{
  "model": "rs",
  "app": "410.bwaves-s0.txt.xz",
  "validation": [
    {
      "method": "sampled train data",
      "threshold": 0.5235045552253723,
      "p": 0.8659975202625148,
      "r": 0.9907375849152849,
      "f1": 0.9241773792878766
    },
    {
      "method": "micro precision f1",
      "threshold": 0.6223781108856201,
      "p": 0.9578580251468304,
      "r": 0.9569771173436465,
      "f1": 0.9574173686172053
    },
    {
      "method": "fixed threshold 0.5",
      "threshold": 0.5,
      "p": 0.217491842099137,
      "r": 0.9999978937524485,
      "f1": 0.35727838617933083
    }
  ]
}