{
  "model": "mixt",
  "app": "410.bwaves-s0.txt.xz",
  "validation": [
    {
      "method": "micro precision f1",
      "threshold": 0.5167598128318787,
      "p": 0.9652212555415431,
      "r": 0.9659644071282529,
      "f1": 0.965592688346502
    },
    {
      "method": "fixed threshold 0.5",
      "threshold": 0.5,
      "p": 0.9636968803769254,
      "r": 0.9673494077936533,
      "f1": 0.9655196897515916
    }
  ]
}