{
  "model": {
    "name": "ResNet-tiny",
    "layer": 8,
    "dim": 4,
    "f1": [
      0.971167802946998,
      0.9276516185954666,
      0.9489110698054215
    ],
    "num_param": 9324
  },
  "estimator": {
    "method": "PQ_KMEANS",
    "N_SUBSPACE": [
      4,
      4,
      4,
      4,
      4
    ],
    "K_CLUSTER": [
      256,
      256,
      256,
      256,
      256
    ],
    "cossim_layer_train": [
      0.9952923221430854,
      0.950673571868514,
      0.9064372430143512,
      0.644284453537458,
      0.8439400135881421
    ],
    "cossim_layer_test": [
      0.9952088388332251,
      0.9539249644732787,
      0.9339253975695667,
      0.6884757039214546,
      0.8614533033529713
    ],
    "cossim_amm_train": [
      0.99456487927765,
      0.9458135040639538,
      0.9289491833871955,
      0.9071082681117968,
      0.8816102021052488,
      0.916022922731549,
      0.8622766223078965,
      0.4597483596078904,
      0.8146876827741827,
      0.9073778563541844
    ],
    "cossim_amm_test": [
      0.9932565459117587,
      0.9370820502162527,
      0.9383346312075637,
      0.9263385432682417,
      0.9173458681383726,
      0.9233397098957391,
      0.8883529392124792,
      0.5446399552140476,
      0.8711710985343435,
      0.9123535719827536
    ],
    "f1": [
      0.8167044002600256,
      0.7653719303405248,
      0.7902053918060163
    ],
    "lut_num": 10,
    "lut_shapes": [
      [
        4,
        4,
        256
      ],
      [
        4,
        4,
        256
      ],
      [
        4,
        4,
        256
      ],
      [
        8,
        4,
        256
      ],
      [
        8,
        4,
        256
      ],
      [
        8,
        1,
        256
      ],
      [
        16,
        4,
        256
      ],
      [
        16,
        4,
        256
      ],
      [
        16,
        1,
        256
      ],
      [
        256,
        4,
        256
      ]
    ],
    "lut_total_size": 329728
  }
}