{
  "model": "rs",
  "app": "410.bwaves-s0.txt.xz",
  "validation": [
    {
      "method": "sampled train data",
      "threshold": 0.44497150182724,
      "p": 0.1843765251273199,
      "r": 1.0,
      "f1": 0.31134782092628777
    },
    {
      "method": "micro precision f1",
      "threshold": 0.6057352423667908,
      "p": 0.9568094069772112,
      "r": 0.9580464209301266,
      "f1": 0.9574275143926425
    },
    {
      "method": "fixed threshold 0.5",
      "threshold": 0.5,
      "p": 0.23347311274602225,
      "r": 0.9999975107983482,
      "f1": 0.3785619651216053
    }
  ]
}