{
  "model": {
    "name": "ResNet-tiny",
    "layer": 8,
    "dim": 4,
    "f1": [
      0.9761341802729766,
      0.9377675716108441,
      0.9565663220694913
    ],
    "num_param": 9324
  },
  "estimator": {
    "method": "PQ_KMEANS",
    "N_SUBSPACE": [
      2,
      8,
      2,
      2,
      2
    ],
    "K_CLUSTER": [
      256,
      256,
      256,
      256,
      256
    ],
    "cossim_layer_train": [
      0.9864265358270031,
      0.9581040629830886,
      0.939279522787875,
      0.7023571878095075,
      0.8553973689905563
    ],
    "cossim_layer_test": [
      0.9823812276370988,
      0.9491362936298021,
      0.9343310756423298,
      0.7004450852959067,
      0.8540278592290833
    ],
    "cossim_amm_train": [
      0.9821592992243174,
      0.9484621685702623,
      0.9359270988239122,
      0.9222072133066389,
      0.9190901355945778,
      0.9439133201819623,
      0.8908978724877831,
      0.5644112020805543,
      0.8884697314077019,
      0.9069376210332216
    ],
    "cossim_amm_test": [
      0.9768588592335458,
      0.9383910483822153,
      0.9117484782892485,
      0.9114619875394353,
      0.9113631102234865,
      0.9320090252056582,
      0.8841522435612066,
      0.562629077270927,
      0.8843024118412182,
      0.9085958585192623
    ],
    "f1": [
      0.8227723811633275,
      0.7301198906549587,
      0.7736821051540181
    ],
    "lut_num": 10,
    "lut_shapes": [
      [
        4,
        2,
        256
      ],
      [
        4,
        8,
        256
      ],
      [
        4,
        8,
        256
      ],
      [
        8,
        2,
        256
      ],
      [
        8,
        2,
        256
      ],
      [
        8,
        1,
        256
      ],
      [
        16,
        2,
        256
      ],
      [
        16,
        2,
        256
      ],
      [
        16,
        1,
        256
      ],
      [
        256,
        2,
        256
      ]
    ],
    "lut_total_size": 180224
  }
}