{
  "model": "rs",
  "app": "410.bwaves-s0.txt.xz",
  "validation": [
    {
      "method": "sampled train data",
      "threshold": 0.4725918769836426,
      "p": 0.1843765251273199,
      "r": 1.0,
      "f1": 0.31134782092628777
    },
    {
      "method": "micro precision f1",
      "threshold": 0.6143450140953064,
      "p": 0.9558649187247508,
      "r": 0.9581062575082938,
      "f1": 0.9569842757666799
    },
    {
      "method": "fixed threshold 0.5",
      "threshold": 0.5,
      "p": 0.22896334933329732,
      "r": 0.9999977980139234,
      "f1": 0.37261201569051844
    }
  ]
}