{
  "model": "rs",
  "app": "410.bwaves-s0.txt.xz",
  "validation": [
    {
      "method": "sampled train data",
      "threshold": 0.5063765645027161,
      "p": 0.7782605542450626,
      "r": 0.9965610721795718,
      "f1": 0.8739854876976412
    },
    {
      "method": "micro precision f1",
      "threshold": 0.6228517293930054,
      "p": 0.9568653002915088,
      "r": 0.9567571102130412,
      "f1": 0.9568112021939149
    },
    {
      "method": "fixed threshold 0.5",
      "threshold": 0.5,
      "p": 0.20816368439069763,
      "r": 0.9999995213073747,
      "f1": 0.3445951403957893
    }
  ]
}