{
  "model": {
    "name": "ResNet-tiny",
    "layer": 8,
    "dim": 4,
    "f1": [
      0.9761341802729766,
      0.9377675716108441,
      0.9565663220694913
    ],
    "num_param": 9324
  },
  "estimator": {
    "method": "PQ_KMEANS",
    "N_SUBSPACE": [
      2,
      2,
      2,
      2,
      2
    ],
    "K_CLUSTER": [
      512,
      512,
      512,
      512,
      512
    ],
    "cossim_layer_train": [
      0.9877226796566521,
      0.9560854317631361,
      0.9413824768784403,
      0.7234028728819839,
      0.8693596192551722
    ],
    "cossim_layer_test": [
      0.9841102409326741,
      0.9469775805107927,
      0.937453051151404,
      0.7218625479648618,
      0.8715754390088962
    ],
    "cossim_amm_train": [
      0.9840863243033403,
      0.9364118257850649,
      0.9372383742768206,
      0.9256807539753783,
      0.919870099739596,
      0.9406488854978274,
      0.8980580652492248,
      0.5935149933676038,
      0.8850326924671814,
      0.9102092476922051
    ],
    "cossim_amm_test": [
      0.9788476086000014,
      0.926981243361911,
      0.9185301677774522,
      0.9118706064589095,
      0.911310447650614,
      0.9324966494964388,
      0.8916201303569107,
      0.5931852081621256,
      0.8848205937869382,
      0.9128078038877059
    ],
    "f1": [
      0.7924986780481992,
      0.8283461308799216,
      0.8100259939417684
    ],
    "lut_num": 10,
    "lut_shapes": [
      [
        4,
        2,
        512
      ],
      [
        4,
        2,
        512
      ],
      [
        4,
        2,
        512
      ],
      [
        8,
        2,
        512
      ],
      [
        8,
        2,
        512
      ],
      [
        8,
        1,
        512
      ],
      [
        16,
        2,
        512
      ],
      [
        16,
        2,
        512
      ],
      [
        16,
        1,
        512
      ],
      [
        256,
        2,
        512
      ]
    ],
    "lut_total_size": 335872
  }
}