{
  "model": "rs",
  "app": "410.bwaves-s0.txt.xz",
  "validation": [
    {
      "method": "sampled train data",
      "threshold": 0.47129765152931213,
      "p": 0.1843765251273199,
      "r": 1.0,
      "f1": 0.31134782092628777
    },
    {
      "method": "micro precision f1",
      "threshold": 0.6115151047706604,
      "p": 0.9555280425523156,
      "r": 0.9599655954036317,
      "f1": 0.9577416788211707
    },
    {
      "method": "fixed threshold 0.5",
      "threshold": 0.5,
      "p": 0.2215462253196892,
      "r": 0.9999977980139234,
      "f1": 0.3627306642185256
    }
  ]
}