{
  "model": {
    "name": "ResNet-tiny",
    "layer": 8,
    "dim": 4,
    "f1": [
      0.9761341802729766,
      0.9377675716108441,
      0.9565663220694913
    ],
    "num_param": 9324
  },
  "estimator": {
    "method": "PQ_KMEANS",
    "N_SUBSPACE": [
      3,
      4,
      8,
      16,
      4
    ],
    "K_CLUSTER": [
      256,
      256,
      256,
      256,
      256
    ],
    "cossim_layer_train": [
      0.9938587024773372,
      0.9482976874937872,
      0.9079611201683103,
      0.6660593831463796,
      0.8493774686885054
    ],
    "cossim_layer_test": [
      0.9897609482090501,
      0.9308732949356903,
      0.874693654869667,
      0.6368419458633982,
      0.8327678129586296
    ],
    "cossim_amm_train": [
      0.9931823900567033,
      0.9393182519318686,
      0.9263405557992132,
      0.9087305380253764,
      0.8829362096692678,
      0.9090014139578608,
      0.864324415162889,
      0.509298267698163,
      0.8181395895399246,
      0.9067266943264314
    ],
    "cossim_amm_test": [
      0.9859998707459512,
      0.9308830500555254,
      0.8893086800052111,
      0.8762992024920416,
      0.8336691303036378,
      0.886512669811529,
      0.8257929506200244,
      0.46563390324953,
      0.7705990531728207,
      0.9045156629034115
    ],
    "f1": [
      0.8508478239834384,
      0.612025580221771,
      0.7119421703299305
    ],
    "lut_num": 10,
    "lut_shapes": [
      [
        4,
        3,
        256
      ],
      [
        4,
        4,
        256
      ],
      [
        4,
        4,
        256
      ],
      [
        8,
        8,
        256
      ],
      [
        8,
        8,
        256
      ],
      [
        8,
        1,
        256
      ],
      [
        16,
        16,
        256
      ],
      [
        16,
        16,
        256
      ],
      [
        16,
        1,
        256
      ],
      [
        256,
        4,
        256
      ]
    ],
    "lut_total_size": 443392
  }
}