{
  "model": "rs",
  "app": "410.bwaves-s0.txt.xz",
  "validation": [
    {
      "method": "sampled train data",
      "threshold": 0.4764210283756256,
      "p": 0.1843765251273199,
      "r": 1.0,
      "f1": 0.31134782092628777
    },
    {
      "method": "micro precision f1",
      "threshold": 0.6164195537567139,
      "p": 0.9577611131967363,
      "r": 0.9579498207583333,
      "f1": 0.9578554576831932
    },
    {
      "method": "fixed threshold 0.5",
      "threshold": 0.5,
      "p": 0.23738597932480845,
      "r": 0.9999977980139234,
      "f1": 0.3836892982623988
    }
  ]
}