{
  "model": "rs",
  "app": "410.bwaves-s0.txt.xz",
  "validation": [
    {
      "method": "sampled train data",
      "threshold": 0.4891135096549988,
      "p": 0.1843765251273199,
      "r": 1.0,
      "f1": 0.31134782092628777
    },
    {
      "method": "micro precision f1",
      "threshold": 0.6140346527099609,
      "p": 0.9587305162290785,
      "r": 0.9585291345735174,
      "f1": 0.9586298148251167
    },
    {
      "method": "fixed threshold 0.5",
      "threshold": 0.5,
      "p": 0.2336691321192348,
      "r": 0.9999983724450738,
      "f1": 0.3788196591794188
    }
  ]
}