{
  "model": {
    "name": "ResNet-tiny",
    "layer": 8,
    "dim": 4,
    "f1": [
      0.9761341802729766,
      0.9377675716108441,
      0.9565663220694913
    ],
    "num_param": 9324
  },
  "estimator": {
    "method": "PQ_KMEANS",
    "N_SUBSPACE": [
      3,
      4,
      8,
      16,
      4
    ],
    "K_CLUSTER": [
      128,
      128,
      128,
      128,
      128
    ],
    "cossim_layer_train": [
      0.990327773169978,
      0.9301838551845604,
      0.8709990339680929,
      0.6159817113975441,
      0.8192314246594719
    ],
    "cossim_layer_test": [
      0.9810763108820035,
      0.9079262869556096,
      0.8269781843567462,
      0.5907124016046702,
      0.8041757358674777
    ],
    "cossim_amm_train": [
      0.9890038262730856,
      0.9270638742789036,
      0.8926392625976959,
      0.8781207538813299,
      0.8317026187257415,
      0.8686835161705199,
      0.8236456746456741,
      0.4297258742089053,
      0.7593479780185397,
      0.8991360238476475
    ],
    "cossim_amm_test": [
      0.9806630117090516,
      0.9126885277295984,
      0.8454373478879171,
      0.8275028545980089,
      0.7624539088270111,
      0.8031291012101626,
      0.790505497464313,
      0.394520909414134,
      0.70616914681077,
      0.8958758196834932
    ],
    "f1": [
      0.8579516035338236,
      0.5334987186816097,
      0.6578978406463881
    ],
    "lut_num": 10,
    "lut_shapes": [
      [
        4,
        3,
        128
      ],
      [
        4,
        4,
        128
      ],
      [
        4,
        4,
        128
      ],
      [
        8,
        8,
        128
      ],
      [
        8,
        8,
        128
      ],
      [
        8,
        1,
        128
      ],
      [
        16,
        16,
        128
      ],
      [
        16,
        16,
        128
      ],
      [
        16,
        1,
        128
      ],
      [
        256,
        4,
        128
      ]
    ],
    "lut_total_size": 221696
  }
}