{
  "model": "rs",
  "app": "410.bwaves-s0.txt.xz",
  "validation": [
    {
      "method": "sampled train data",
      "threshold": 0.5072339773178101,
      "p": 0.7889539782709689,
      "r": 0.9961731396759979,
      "f1": 0.8805364656584741
    },
    {
      "method": "micro precision f1",
      "threshold": 0.6201545000076294,
      "p": 0.9564225256961234,
      "r": 0.9566310225755271,
      "f1": 0.9565267627741598
    },
    {
      "method": "fixed threshold 0.5",
      "threshold": 0.5,
      "p": 0.21778257981807964,
      "r": 0.9999976065368733,
      "f1": 0.35767055664679226
    }
  ]
}