{
  "model": "rt",
  "app": "410.bwaves-s0.txt.xz",
  "validation": [
    {
      "method": "sampled train data",
      "threshold": 0.5444417595863342,
      "p": 0.9652917183229729,
      "r": 0.9909834414476584,
      "f1": 0.9779688754385463
    },
    {
      "method": "micro precision f1",
      "threshold": 0.623218834400177,
      "p": 0.9822751582802699,
      "r": 0.9815587495629536,
      "f1": 0.9819168232482773
    },
    {
      "method": "fixed threshold 0.5",
      "threshold": 0.5,
      "p": 0.4693760865161181,
      "r": 0.9999606514661972,
      "f1": 0.6388700494889018
    }
  ]
}