{
  "model": {
    "name": "ResNet-tiny",
    "layer": 8,
    "dim": 4,
    "f1": [
      0.9761341802729766,
      0.9377675716108441,
      0.9565663220694913
    ],
    "num_param": 9324
  },
  "estimator": {
    "method": "PQ_KMEANS",
    "N_SUBSPACE": [
      2,
      2,
      8,
      2,
      2
    ],
    "K_CLUSTER": [
      256,
      256,
      256,
      256,
      256
    ],
    "cossim_layer_train": [
      0.9852359830025451,
      0.9482881478307396,
      0.9272586898852602,
      0.7263209182087007,
      0.8672922452691612
    ],
    "cossim_layer_test": [
      0.9812869613672139,
      0.9423825841220445,
      0.9238849466880387,
      0.72666140444909,
      0.8695911543893349
    ],
    "cossim_amm_train": [
      0.9806207125521079,
      0.920660246420314,
      0.9252088388147199,
      0.9122289404016706,
      0.9000672561170886,
      0.9268980648009303,
      0.8875656033259952,
      0.6042813882131974,
      0.8572157810733668,
      0.9269726634045228
    ],
    "cossim_amm_test": [
      0.9746642100116408,
      0.9087805385044984,
      0.9088626623564544,
      0.9033753271271079,
      0.8938553329442059,
      0.9177552770701363,
      0.8830405335512367,
      0.6059058564505205,
      0.8557538936326464,
      0.9289190215020358
    ],
    "f1": [
      0.8189077514536235,
      0.800165647033954,
      0.8094282216175102
    ],
    "lut_num": 10,
    "lut_shapes": [
      [
        4,
        2,
        256
      ],
      [
        4,
        2,
        256
      ],
      [
        4,
        2,
        256
      ],
      [
        8,
        8,
        256
      ],
      [
        8,
        8,
        256
      ],
      [
        8,
        1,
        256
      ],
      [
        16,
        2,
        256
      ],
      [
        16,
        2,
        256
      ],
      [
        16,
        1,
        256
      ],
      [
        256,
        2,
        256
      ]
    ],
    "lut_total_size": 192512
  }
}