{
  "model": "ms",
  "app": "410.bwaves-s0.txt.xz",
  "validation": [
    {
      "method": "sampled train data",
      "threshold": 0.45893993973731995,
      "p": 0.1843765251273199,
      "r": 1.0,
      "f1": 0.31134782092628777
    },
    {
      "method": "micro precision f1",
      "threshold": 0.6111156344413757,
      "p": 0.8248914523018454,
      "r": 0.941413479754557,
      "f1": 0.8793090235298883
    },
    {
      "method": "fixed threshold 0.5",
      "threshold": 0.5,
      "p": 0.1989452490208074,
      "r": 0.9999995213073747,
      "f1": 0.3318670863091174
    }
  ]
}