{
  "model": "rs",
  "app": "410.bwaves-s0.txt.xz",
  "validation": [
    {
      "method": "sampled train data",
      "threshold": 0.4582601487636566,
      "p": 0.1843765251273199,
      "r": 1.0,
      "f1": 0.31134782092628777
    },
    {
      "method": "micro precision f1",
      "threshold": 0.6133748888969421,
      "p": 0.9571022828647087,
      "r": 0.9603861747442537,
      "f1": 0.9587414168068825
    },
    {
      "method": "fixed threshold 0.5",
      "threshold": 0.5,
      "p": 0.22256606547509958,
      "r": 0.9999977022753984,
      "f1": 0.3640964339865777
    }
  ]
}