{
  "model": "rs",
  "app": "410.bwaves-s0.txt.xz",
  "validation": [
    {
      "method": "sampled train data",
      "threshold": 0.503237247467041,
      "p": 0.6764956035474489,
      "r": 0.9990810058978761,
      "f1": 0.8067359072306628
    },
    {
      "method": "micro precision f1",
      "threshold": 0.6200557947158813,
      "p": 0.9593992857294175,
      "r": 0.9582111869317679,
      "f1": 0.9588048682738958
    },
    {
      "method": "fixed threshold 0.5",
      "threshold": 0.5,
      "p": 0.2193033602975892,
      "r": 0.9999998085229499,
      "f1": 0.35971909843909616
    }
  ]
}