{
  "model": {
    "name": "ResNet-tiny",
    "layer": 8,
    "dim": 4,
    "f1": [
      0.9761341802729766,
      0.9377675716108441,
      0.9565663220694913
    ],
    "num_param": 9324
  },
  "estimator": {
    "method": "PQ_KMEANS",
    "N_SUBSPACE": [
      2,
      2,
      2,
      2,
      8
    ],
    "K_CLUSTER": [
      256,
      256,
      256,
      256,
      256
    ],
    "cossim_layer_train": [
      0.9864957112788103,
      0.9498847108470925,
      0.9330955514968775,
      0.7136588466923295,
      0.8712700041599303
    ],
    "cossim_layer_test": [
      0.9824325275261817,
      0.940574214346947,
      0.9288915038505589,
      0.7125867288279979,
      0.8716902142403222
    ],
    "cossim_amm_train": [
      0.9818953984801568,
      0.9221849609041295,
      0.9304353023837656,
      0.9163263062184668,
      0.91016331984295,
      0.930558906778811,
      0.8865843207422593,
      0.5800822058320129,
      0.8667215666374892,
      0.908507898150028
    ],
    "cossim_amm_test": [
      0.9768959397719807,
      0.9107629786174105,
      0.9116818610294809,
      0.9051168492348337,
      0.902520588587442,
      0.913137298955651,
      0.8792446501196507,
      0.5783692006592585,
      0.8687422785341872,
      0.9122453925388472
    ],
    "f1": [
      0.7955155536933652,
      0.840700247896119,
      0.8174840049161505
    ],
    "lut_num": 10,
    "lut_shapes": [
      [
        4,
        2,
        256
      ],
      [
        4,
        2,
        256
      ],
      [
        4,
        2,
        256
      ],
      [
        8,
        2,
        256
      ],
      [
        8,
        2,
        256
      ],
      [
        8,
        1,
        256
      ],
      [
        16,
        2,
        256
      ],
      [
        16,
        2,
        256
      ],
      [
        16,
        1,
        256
      ],
      [
        256,
        8,
        256
      ]
    ],
    "lut_total_size": 561152
  }
}