{
  "model": "rs",
  "app": "410.bwaves-s0.txt.xz",
  "validation": [
    {
      "method": "sampled train data",
      "threshold": 0.4964868426322937,
      "p": 0.1843765251273199,
      "r": 1.0,
      "f1": 0.31134782092628777
    },
    {
      "method": "micro precision f1",
      "threshold": 0.6236408352851868,
      "p": 0.9587587447002253,
      "r": 0.9568230740568128,
      "f1": 0.9577899313934486
    },
    {
      "method": "fixed threshold 0.5",
      "threshold": 0.5,
      "p": 0.23477295849835847,
      "r": 0.9999978937524485,
      "f1": 0.38026887916965896
    }
  ]
}