{
  "model": "rs",
  "app": "410.bwaves-s0.txt.xz",
  "validation": [
    {
      "method": "sampled train data",
      "threshold": 0.4777944087982178,
      "p": 0.1843765251273199,
      "r": 1.0,
      "f1": 0.31134782092628777
    },
    {
      "method": "micro precision f1",
      "threshold": 0.6133124232292175,
      "p": 0.9549454601532368,
      "r": 0.9580381874169708,
      "f1": 0.9564893237736845
    },
    {
      "method": "fixed threshold 0.5",
      "threshold": 0.5,
      "p": 0.22771461089333625,
      "r": 0.9999979894909736,
      "f1": 0.37095677441084246
    }
  ]
}