{
  "model": {
    "name": "ResNet-tiny",
    "layer": 8,
    "dim": 4,
    "f1": [
      0.9761341802729766,
      0.9377675716108441,
      0.9565663220694913
    ],
    "num_param": 9324
  },
  "estimator": {
    "method": "PQ_KMEANS",
    "N_SUBSPACE": [
      2,
      2,
      2,
      2,
      2
    ],
    "K_CLUSTER": [
      256,
      256,
      2048,
      256,
      256
    ],
    "cossim_layer_train": [
      0.987476599073402,
      0.9505136523295105,
      0.9369684676103297,
      0.7340272541133914,
      0.8784293154524825
    ],
    "cossim_layer_test": [
      0.984347238476096,
      0.9448367407568591,
      0.9332219538972885,
      0.7340394787137929,
      0.8777012776428121
    ],
    "cossim_amm_train": [
      0.9822593849374476,
      0.9271186611165898,
      0.9309958201212948,
      0.9205333255471607,
      0.9138020376330389,
      0.9319718272687338,
      0.8941715430878662,
      0.611742593289119,
      0.8765932304396887,
      0.9269385287288949
    ],
    "cossim_amm_test": [
      0.977870138578935,
      0.9186239543589162,
      0.9187054149179912,
      0.9106605241884101,
      0.9077801816822129,
      0.9259514343078589,
      0.89013585442173,
      0.6129627465742105,
      0.8740121285515189,
      0.9279704109935494
    ],
    "f1": [
      0.8146698732745694,
      0.8281609723065387,
      0.821360027631162
    ],
    "lut_num": 10,
    "lut_shapes": [
      [
        4,
        2,
        256
      ],
      [
        4,
        2,
        256
      ],
      [
        4,
        2,
        256
      ],
      [
        8,
        2,
        2048
      ],
      [
        8,
        2,
        2048
      ],
      [
        8,
        1,
        2048
      ],
      [
        16,
        2,
        256
      ],
      [
        16,
        2,
        256
      ],
      [
        16,
        1,
        256
      ],
      [
        256,
        2,
        256
      ]
    ],
    "lut_total_size": 239616
  }
}