{
  "model": {
    "name": "ResNet-tiny",
    "layer": 8,
    "dim": 4,
    "f1": [
      0.9761341802729766,
      0.9377675716108441,
      0.9565663220694913
    ],
    "num_param": 9324
  },
  "estimator": {
    "method": "PQ_KMEANS",
    "N_SUBSPACE": [
      3,
      4,
      8,
      16,
      4
    ],
    "K_CLUSTER": [
      1024,
      1024,
      1024,
      1024,
      1024
    ],
    "cossim_layer_train": [
      0.9958358072784445,
      0.9617657773718914,
      0.9325998958804843,
      0.7139308850994822,
      0.872962553698682
    ],
    "cossim_layer_test": [
      0.9911577001035324,
      0.9352740215294042,
      0.87339746778526,
      0.6598202084516144,
      0.8556754404299561
    ],
    "cossim_amm_train": [
      0.9952726463934297,
      0.9582522466666092,
      0.9480903692068913,
      0.9298575996259427,
      0.9143482063830363,
      0.9388191252934909,
      0.8966157657384871,
      0.587280539528557,
      0.8664975297701367,
      0.9214360874969109
    ],
    "cossim_amm_test": [
      0.9893423974991028,
      0.9460641314950253,
      0.8953587947330809,
      0.8747773274658538,
      0.8266527683405802,
      0.8720986734438837,
      0.8354443659562923,
      0.49524119837059766,
      0.7740825236814589,
      0.919486215418653
    ],
    "f1": [
      0.8638440717754619,
      0.6624653988506191,
      0.7498699556895687
    ],
    "lut_num": 10,
    "lut_shapes": [
      [
        4,
        3,
        1024
      ],
      [
        4,
        4,
        1024
      ],
      [
        4,
        4,
        1024
      ],
      [
        8,
        8,
        1024
      ],
      [
        8,
        8,
        1024
      ],
      [
        8,
        1,
        1024
      ],
      [
        16,
        16,
        1024
      ],
      [
        16,
        16,
        1024
      ],
      [
        16,
        1,
        1024
      ],
      [
        256,
        4,
        1024
      ]
    ],
    "lut_total_size": 1773568
  }
}