{
  "model": "rs",
  "app": "410.bwaves-s0.txt.xz",
  "validation": [
    {
      "method": "sampled train data",
      "threshold": 0.45952898263931274,
      "p": 0.1843765251273199,
      "r": 1.0,
      "f1": 0.31134782092628777
    },
    {
      "method": "micro precision f1",
      "threshold": 0.6080538630485535,
      "p": 0.9546395335962093,
      "r": 0.9607922975675904,
      "f1": 0.9577060336054516
    },
    {
      "method": "fixed threshold 0.5",
      "threshold": 0.5,
      "p": 0.22930726341388055,
      "r": 0.9999976065368733,
      "f1": 0.37306728408972617
    }
  ]
}