{
  "model": "rs",
  "app": "410.bwaves-s0.txt.xz",
  "validation": [
    {
      "method": "sampled train data",
      "threshold": 0.5003003478050232,
      "p": 0.5520591492474284,
      "r": 0.9997564411922281,
      "f1": 0.7113276780817084
    },
    {
      "method": "micro precision f1",
      "threshold": 0.6205070614814758,
      "p": 0.9583793412113013,
      "r": 0.9567686945745744,
      "f1": 0.9575733406130252
    },
    {
      "method": "fixed threshold 0.5",
      "threshold": 0.5,
      "p": 0.22818988521709707,
      "r": 0.9999983724450738,
      "f1": 0.3715871934159002
    }
  ]
}