{
  "model": "rs",
  "app": "410.bwaves-s0.txt.xz",
  "validation": [
    {
      "method": "sampled train data",
      "threshold": 0.4937294125556946,
      "p": 0.1843765251273199,
      "r": 1.0,
      "f1": 0.31134782092628777
    },
    {
      "method": "micro precision f1",
      "threshold": 0.6173964142799377,
      "p": 0.957834828982039,
      "r": 0.9576780190856664,
      "f1": 0.9577564176153773
    },
    {
      "method": "fixed threshold 0.5",
      "threshold": 0.5,
      "p": 0.233451534674821,
      "r": 0.9999977980139234,
      "f1": 0.37853362019970777
    }
  ]
}