{
  "model": {
    "name": "ResNet-tiny",
    "layer": 8,
    "dim": 4,
    "f1": [
      0.9761341802729766,
      0.9377675716108441,
      0.9565663220694913
    ],
    "num_param": 9324
  },
  "estimator": {
    "method": "PQ_KMEANS",
    "N_SUBSPACE": [
      2,
      2,
      2,
      2,
      2
    ],
    "K_CLUSTER": [
      2048,
      256,
      256,
      256,
      256
    ],
    "cossim_layer_train": [
      0.9940151266405234,
      0.960378921303093,
      0.941562163905083,
      0.7160226990086842,
      0.861905464975649
    ],
    "cossim_layer_test": [
      0.9916485536208859,
      0.9555431381137482,
      0.9409936408599432,
      0.7165471253291019,
      0.8631230122775283
    ],
    "cossim_amm_train": [
      0.9929043821235863,
      0.940491620269561,
      0.9503904858749292,
      0.9296177679318024,
      0.921034034466378,
      0.9455629654432739,
      0.893846344247424,
      0.5832855913222426,
      0.8802098100643547,
      0.9024360645391271
    ],
    "cossim_amm_test": [
      0.9899834291660665,
      0.9349759941565196,
      0.9413840132165971,
      0.9235817362193014,
      0.9180361318608555,
      0.9404884277715603,
      0.8933284720260151,
      0.5867341514618856,
      0.8824807808311179,
      0.902842797245721
    ],
    "f1": [
      0.7864476256531153,
      0.8117977987958183,
      0.798921669484555
    ],
    "lut_num": 10,
    "lut_shapes": [
      [
        4,
        2,
        2048
      ],
      [
        4,
        2,
        256
      ],
      [
        4,
        2,
        256
      ],
      [
        8,
        2,
        256
      ],
      [
        8,
        2,
        256
      ],
      [
        8,
        1,
        256
      ],
      [
        16,
        2,
        256
      ],
      [
        16,
        2,
        256
      ],
      [
        16,
        1,
        256
      ],
      [
        256,
        2,
        256
      ]
    ],
    "lut_total_size": 182272
  }
}