{
  "model": "rs",
  "app": "410.bwaves-s0.txt.xz",
  "validation": [
    {
      "method": "sampled train data",
      "threshold": 0.4780642092227936,
      "p": 0.1843765251273199,
      "r": 1.0,
      "f1": 0.31134782092628777
    },
    {
      "method": "micro precision f1",
      "threshold": 0.6120848655700684,
      "p": 0.9587982924854951,
      "r": 0.9567561528277905,
      "f1": 0.9577761341116547
    },
    {
      "method": "fixed threshold 0.5",
      "threshold": 0.5,
      "p": 0.22924732456243063,
      "r": 0.9999977022753984,
      "f1": 0.37298796059389233
    }
  ]
}