{
  "model": {
    "name": "ResNet-tiny",
    "layer": 8,
    "dim": 4,
    "f1": [
      0.9761341802729766,
      0.9377675716108441,
      0.9565663220694913
    ],
    "num_param": 9324
  },
  "estimator": {
    "method": "PQ_KMEANS",
    "N_SUBSPACE": [
      2,
      2,
      2,
      2,
      2
    ],
    "K_CLUSTER": [
      1024,
      1024,
      1024,
      1024,
      1024
    ],
    "cossim_layer_train": [
      0.9900957470879052,
      0.9628432010641454,
      0.9496144560269691,
      0.765423988790644,
      0.8806457833118922
    ],
    "cossim_layer_test": [
      0.9869905316704207,
      0.9546222915372369,
      0.9447404642922502,
      0.763480356052077,
      0.8839854211569357
    ],
    "cossim_amm_train": [
      0.9878584750857846,
      0.945773715395004,
      0.9484085958527617,
      0.9359352283404304,
      0.9306072848397505,
      0.949094801633581,
      0.9127153139240437,
      0.6581171433991759,
      0.9031950557588094,
      0.9348483023069197
    ],
    "cossim_amm_test": [
      0.9833617344042082,
      0.9385845911808366,
      0.9328332875892782,
      0.922724501920828,
      0.9219943161143258,
      0.939689799402675,
      0.9056749254311892,
      0.6572312867493697,
      0.900010891704883,
      0.9368675101734693
    ],
    "f1": [
      0.8238314129426901,
      0.8339345880906274,
      0.8288522138591914
    ],
    "lut_num": 10,
    "lut_shapes": [
      [
        4,
        2,
        1024
      ],
      [
        4,
        2,
        1024
      ],
      [
        4,
        2,
        1024
      ],
      [
        8,
        2,
        1024
      ],
      [
        8,
        2,
        1024
      ],
      [
        8,
        1,
        1024
      ],
      [
        16,
        2,
        1024
      ],
      [
        16,
        2,
        1024
      ],
      [
        16,
        1,
        1024
      ],
      [
        256,
        2,
        1024
      ]
    ],
    "lut_total_size": 671744
  }
}