{
  "model": "rs",
  "app": "410.bwaves-s0.txt.xz",
  "validation": [
    {
      "method": "sampled train data",
      "threshold": 0.4753088355064392,
      "p": 0.1843765251273199,
      "r": 1.0,
      "f1": 0.31134782092628777
    },
    {
      "method": "micro precision f1",
      "threshold": 0.6193395853042603,
      "p": 0.9558335046429697,
      "r": 0.9561812429847596,
      "f1": 0.9560073421922586
    },
    {
      "method": "fixed threshold 0.5",
      "threshold": 0.5,
      "p": 0.21426984383343078,
      "r": 0.9999977022753984,
      "f1": 0.35291950639210323
    }
  ]
}