{
  "model": "rs",
  "app": "410.bwaves-s0.txt.xz",
  "validation": [
    {
      "method": "sampled train data",
      "threshold": 0.4491172432899475,
      "p": 0.1843765251273199,
      "r": 1.0,
      "f1": 0.31134782092628777
    },
    {
      "method": "micro precision f1",
      "threshold": 0.6090441942214966,
      "p": 0.9572474597403113,
      "r": 0.9602758839633758,
      "f1": 0.958759280393793
    },
    {
      "method": "fixed threshold 0.5",
      "threshold": 0.5,
      "p": 0.22992515887147705,
      "r": 0.9999977980139234,
      "f1": 0.3738846425986373
    }
  ]
}