{
  "model": {
    "name": "ResNet-tiny",
    "layer": 8,
    "dim": 4,
    "f1": [
      0.9055436651288509,
      0.9595461720627844,
      0.931763114229884
    ],
    "num_param": 9324
  },
  "estimator": {
    "method": "PQ_KMEANS",
    "N_SUBSPACE": [
      2,
      2,
      2,
      2,
      2
    ],
    "K_CLUSTER": [
      32,
      32,
      32,
      32,
      32
    ],
    "cossim_layer_train": [
      0.9585991508575258,
      0.8932906699519993,
      0.8817456965834501,
      0.7461528803455322,
      0.9828063384465997
    ],
    "cossim_layer_test": [
      0.9570734866724094,
      0.8921787194798145,
      0.879993905951461,
      0.772269714290788,
      0.9806865172889477
    ],
    "cossim_amm_train": [
      0.9559642011231511,
      0.8436748222910104,
      0.8303147315828736,
      0.8211675696026715,
      0.766243081437471,
      0.8181495153392189,
      0.743081012765344,
      0.7045386589026558,
      0.9021900857133592,
      0.9637414289461537
    ],
    "cossim_amm_test": [
      0.9529948792069014,
      0.847500471490665,
      0.8363531259195477,
      0.8158827935082351,
      0.780160720766926,
      0.8345597209365714,
      0.7511319499907901,
      0.7255048829168883,
      0.9097207714116595,
      0.9676598240265161
    ],
    "f1": [
      0.8860849579251362,
      0.7579227703288353,
      0.8170082834958305
    ],
    "lut_num": 10,
    "lut_shapes": [
      [
        4,
        2,
        32
      ],
      [
        4,
        2,
        32
      ],
      [
        4,
        2,
        32
      ],
      [
        8,
        2,
        32
      ],
      [
        8,
        2,
        32
      ],
      [
        8,
        1,
        32
      ],
      [
        16,
        2,
        32
      ],
      [
        16,
        2,
        32
      ],
      [
        16,
        1,
        32
      ],
      [
        256,
        2,
        32
      ]
    ],
    "lut_total_size": 20992
  }
}