{
  "model": "rs",
  "app": "602.gcc-s0.txt.xz",
  "validation": [
    {
      "method": "sampled train data",
      "threshold": 0.5569160580635071,
      "p": 0.8761483157307917,
      "r": 0.9962129724319678,
      "f1": 0.9323310874066323
    },
    {
      "method": "micro precision f1",
      "threshold": 0.6273547410964966,
      "p": 0.8894400858387431,
      "r": 0.9877860479948297,
      "f1": 0.9360369446004368
    },
    {
      "method": "fixed threshold 0.5",
      "threshold": 0.5,
      "p": 0.4365262416955987,
      "r": 1.0,
      "f1": 0.6077525478133229
    }
  ]
}