{
  "model": {
    "name": "ResNet-tiny",
    "layer": 8,
    "dim": 4,
    "f1": [
      0.9055436651288509,
      0.9595461720627844,
      0.931763114229884
    ],
    "num_param": 9324
  },
  "estimator": {
    "method": "PQ_KMEANS",
    "N_SUBSPACE": [
      2,
      2,
      2,
      2,
      2
    ],
    "K_CLUSTER": [
      2048,
      2048,
      2048,
      2048,
      2048
    ],
    "cossim_layer_train": [
      0.9965242992122614,
      0.988724142604437,
      0.9829810184396407,
      0.9586307824809914,
      0.9918376906267368
    ],
    "cossim_layer_test": [
      0.9918782178564751,
      0.9758448534971353,
      0.9581515459363469,
      0.9001175381047969,
      0.9831683801090743
    ],
    "cossim_amm_train": [
      0.9965114826311243,
      0.9848205104063169,
      0.9872214746337387,
      0.9769400643569859,
      0.9712159468848546,
      0.984894528806228,
      0.9567963140807971,
      0.9482897453718588,
      0.989277680153672,
      0.9916918018694808
    ],
    "cossim_amm_test": [
      0.9922315247933852,
      0.9695445364626912,
      0.9670747406386259,
      0.9473213478704983,
      0.9315032012020271,
      0.9651539382391039,
      0.8976046978005933,
      0.8799357131573537,
      0.9702980622102294,
      0.9810417227118595
    ],
    "f1": [
      0.8879066529967329,
      0.9506283895414069,
      0.9181976433107611
    ],
    "lut_num": 10,
    "lut_shapes": [
      [
        4,
        2,
        2048
      ],
      [
        4,
        2,
        2048
      ],
      [
        4,
        2,
        2048
      ],
      [
        8,
        2,
        2048
      ],
      [
        8,
        2,
        2048
      ],
      [
        8,
        1,
        2048
      ],
      [
        16,
        2,
        2048
      ],
      [
        16,
        2,
        2048
      ],
      [
        16,
        1,
        2048
      ],
      [
        256,
        2,
        2048
      ]
    ],
    "lut_total_size": 1343488
  }
}