{
  "model": {
    "name": "ResNet-tiny",
    "layer": 8,
    "dim": 4,
    "f1": [
      0.9055436651288509,
      0.9595461720627844,
      0.931763114229884
    ],
    "num_param": 9324
  },
  "estimator": {
    "method": "PQ_KMEANS",
    "N_SUBSPACE": [
      2,
      2,
      2,
      2,
      2
    ],
    "K_CLUSTER": [
      128,
      128,
      128,
      128,
      128
    ],
    "cossim_layer_train": [
      0.9871746888491798,
      0.956865839346336,
      0.9514026442737706,
      0.8915745712107905,
      0.985287315552599
    ],
    "cossim_layer_test": [
      0.98089521540611,
      0.9452141548525942,
      0.9273312826212482,
      0.8622763062683704,
      0.9792004245204743
    ],
    "cossim_amm_train": [
      0.9868012118164912,
      0.9431614406294065,
      0.9399646329112413,
      0.9251463500328306,
      0.9125812248922871,
      0.9327637059555487,
      0.8939194397565217,
      0.8729819719520231,
      0.9680810414008078,
      0.9794093403294509
    ],
    "cossim_amm_test": [
      0.9795683556914225,
      0.933373452309764,
      0.9239006812377148,
      0.8954278932744352,
      0.8756206927460498,
      0.9160167812035345,
      0.8512255467996782,
      0.837390855657264,
      0.9503700394141656,
      0.9729648883451377
    ],
    "f1": [
      0.892097875620011,
      0.8648969328030116,
      0.878286848299056
    ],
    "lut_num": 10,
    "lut_shapes": [
      [
        4,
        2,
        128
      ],
      [
        4,
        2,
        128
      ],
      [
        4,
        2,
        128
      ],
      [
        8,
        2,
        128
      ],
      [
        8,
        2,
        128
      ],
      [
        8,
        1,
        128
      ],
      [
        16,
        2,
        128
      ],
      [
        16,
        2,
        128
      ],
      [
        16,
        1,
        128
      ],
      [
        256,
        2,
        128
      ]
    ],
    "lut_total_size": 83968
  }
}