{
  "model": "rs",
  "app": "602.gcc-s0.txt.xz",
  "validation": [
    {
      "method": "sampled train data",
      "threshold": 0.5830666422843933,
      "p": 0.8809579483433299,
      "r": 0.9940501875167059,
      "f1": 0.9340934548460961
    },
    {
      "method": "micro precision f1",
      "threshold": 0.6226150989532471,
      "p": 0.8898870265062032,
      "r": 0.9875134825621475,
      "f1": 0.9361619243068194
    },
    {
      "method": "fixed threshold 0.5",
      "threshold": 0.5,
      "p": 0.4365262416955987,
      "r": 1.0,
      "f1": 0.6077525478133229
    }
  ]
}