{
  "model": "rs",
  "app": "602.gcc-s0.txt.xz",
  "validation": [
    {
      "method": "sampled train data",
      "threshold": 0.4807852804660797,
      "p": 0.4365262416955987,
      "r": 1.0,
      "f1": 0.6077525478133229
    },
    {
      "method": "micro precision f1",
      "threshold": 0.5883592367172241,
      "p": 0.8968307438679465,
      "r": 0.9895715086917356,
      "f1": 0.9409214297176601
    },
    {
      "method": "fixed threshold 0.5",
      "threshold": 0.5,
      "p": 0.4365262416955987,
      "r": 1.0,
      "f1": 0.6077525478133229
    }
  ]
}