{
  "model": "rs",
  "app": "602.gcc-s0.txt.xz",
  "validation": [
    {
      "method": "sampled train data",
      "threshold": 0.5760930180549622,
      "p": 0.8804991587320801,
      "r": 0.9943023282804831,
      "f1": 0.9339467347781629
    },
    {
      "method": "micro precision f1",
      "threshold": 0.6165293455123901,
      "p": 0.8892674509540812,
      "r": 0.9888125523223761,
      "f1": 0.9364018746177778
    },
    {
      "method": "fixed threshold 0.5",
      "threshold": 0.5,
      "p": 0.4365262416955987,
      "r": 1.0,
      "f1": 0.6077525478133229
    }
  ]
}