{
  "model": {
    "name": "ResNet-tiny",
    "layer": 8,
    "dim": 4,
    "f1": [
      0.9055436651288509,
      0.9595461720627844,
      0.931763114229884
    ],
    "num_param": 9324
  },
  "estimator": {
    "method": "PQ_KMEANS",
    "N_SUBSPACE": [
      4,
      4,
      4,
      4,
      4
    ],
    "K_CLUSTER": [
      256,
      256,
      256,
      256,
      256
    ],
    "cossim_layer_train": [
      0.9944288540486913,
      0.9753182034351117,
      0.9656814245451469,
      0.8850550232447884,
      0.9728127866040392
    ],
    "cossim_layer_test": [
      0.9877288098226971,
      0.9617092177839384,
      0.9396224470556285,
      0.7897275475747297,
      0.927830735065664
    ],
    "cossim_amm_train": [
      0.9953097000349111,
      0.9680163877954983,
      0.9694997823400451,
      0.9513956515696931,
      0.9429016861393346,
      0.9625004695151548,
      0.9197931031872437,
      0.8740211422382285,
      0.9783269769414243,
      0.9757099436324004
    ],
    "cossim_amm_test": [
      0.9892086642355405,
      0.9519247712239759,
      0.9509199034876604,
      0.9208488341668986,
      0.9016553636416454,
      0.9356177915347436,
      0.8656974444342604,
      0.7782313487498612,
      0.9617069335246438,
      0.9490506223020589
    ],
    "f1": [
      0.8840181128252963,
      0.6928229477864026,
      0.7768291302442386
    ],
    "lut_num": 10,
    "lut_shapes": [
      [
        4,
        4,
        256
      ],
      [
        4,
        4,
        256
      ],
      [
        4,
        4,
        256
      ],
      [
        8,
        4,
        256
      ],
      [
        8,
        4,
        256
      ],
      [
        8,
        1,
        256
      ],
      [
        16,
        4,
        256
      ],
      [
        16,
        4,
        256
      ],
      [
        16,
        1,
        256
      ],
      [
        256,
        4,
        256
      ]
    ],
    "lut_total_size": 329728
  }
}