{
  "model": "rs",
  "app": "602.gcc-s0.txt.xz",
  "validation": [
    {
      "method": "sampled train data",
      "threshold": 0.5090129375457764,
      "p": 0.8717741039357829,
      "r": 0.9976169530225519,
      "f1": 0.9304598115575184
    },
    {
      "method": "micro precision f1",
      "threshold": 0.6000680327415466,
      "p": 0.8957711730270433,
      "r": 0.9879723027298811,
      "f1": 0.9396153137878457
    },
    {
      "method": "fixed threshold 0.5",
      "threshold": 0.5,
      "p": 0.4365262416955987,
      "r": 1.0,
      "f1": 0.6077525478133229
    }
  ]
}