{
  "model": "rs",
  "app": "602.gcc-s0.txt.xz",
  "validation": [
    {
      "method": "sampled train data",
      "threshold": 0.5063096284866333,
      "p": 0.8709637764754088,
      "r": 0.9978915457176565,
      "f1": 0.9301173599155114
    },
    {
      "method": "micro precision f1",
      "threshold": 0.5978050827980042,
      "p": 0.8957693894248431,
      "r": 0.9895218914439491,
      "f1": 0.9403145598942071
    },
    {
      "method": "fixed threshold 0.5",
      "threshold": 0.5,
      "p": 0.43652667628951036,
      "r": 1.0,
      "f1": 0.6077529690113948
    }
  ]
}