{
  "model": "rs",
  "app": "602.gcc-s0.txt.xz",
  "validation": [
    {
      "method": "sampled train data",
      "threshold": 0.48025014996528625,
      "p": 0.4365262416955987,
      "r": 1.0,
      "f1": 0.6077525478133229
    },
    {
      "method": "micro precision f1",
      "threshold": 0.5983656048774719,
      "p": 0.8951654087157467,
      "r": 0.9887783422689993,
      "f1": 0.9396460679081856
    },
    {
      "method": "fixed threshold 0.5",
      "threshold": 0.5,
      "p": 0.4365262416955987,
      "r": 1.0,
      "f1": 0.6077525478133229
    }
  ]
}