{
  "model": "rs",
  "app": "602.gcc-s0.txt.xz",
  "validation": [
    {
      "method": "sampled train data",
      "threshold": 0.4992333650588989,
      "p": 0.4365262416955987,
      "r": 1.0,
      "f1": 0.6077525478133229
    },
    {
      "method": "micro precision f1",
      "threshold": 0.5776723623275757,
      "p": 0.8939699640223097,
      "r": 0.9916344002511372,
      "f1": 0.9402729288414359
    },
    {
      "method": "fixed threshold 0.5",
      "threshold": 0.5,
      "p": 0.4365262416955987,
      "r": 1.0,
      "f1": 0.6077525478133229
    }
  ]
}