{
  "model": "rs",
  "app": "602.gcc-s0.txt.xz",
  "validation": [
    {
      "method": "sampled train data",
      "threshold": 0.5557632446289062,
      "p": 0.876825897228526,
      "r": 0.9959827767839123,
      "f1": 0.9326136769824814
    },
    {
      "method": "micro precision f1",
      "threshold": 0.6286616921424866,
      "p": 0.8914857248892859,
      "r": 0.9856316762186204,
      "f1": 0.9361977773249442
    },
    {
      "method": "fixed threshold 0.5",
      "threshold": 0.5,
      "p": 0.4365262416955987,
      "r": 1.0,
      "f1": 0.6077525478133229
    }
  ]
}