{
  "model": {
    "name": "ResNet-tiny",
    "layer": 8,
    "dim": 4,
    "f1": [
      0.9055436651288509,
      0.9595461720627844,
      0.931763114229884
    ],
    "num_param": 9324
  },
  "estimator": {
    "method": "PQ_KMEANS",
    "N_SUBSPACE": [
      2,
      2,
      2,
      2,
      2
    ],
    "K_CLUSTER": [
      16,
      16,
      16,
      16,
      16
    ],
    "cossim_layer_train": [
      0.9309845310899332,
      0.8326052985734093,
      0.8221120160315821,
      0.7941929003454367,
      0.9885906615678928
    ],
    "cossim_layer_test": [
      0.939451732629948,
      0.8530688702202625,
      0.8309551768128476,
      0.8058604952253677,
      0.9861646932190854
    ],
    "cossim_amm_train": [
      0.9228998783553208,
      0.7683941522625588,
      0.7238058622701238,
      0.6928949396563697,
      0.6456756420529632,
      0.6966555843023802,
      0.6869314589643096,
      0.7181348299118986,
      0.8065672323563673,
      0.9843498600746886
    ],
    "cossim_amm_test": [
      0.927654035790264,
      0.7901470944862322,
      0.7577423817767168,
      0.7180065423893995,
      0.6829748564770042,
      0.7327559489070066,
      0.6953808926226709,
      0.7347926201935518,
      0.8313798773884299,
      0.9834010595337537
    ],
    "f1": [
      0.8852235617532418,
      0.990247892216245,
      0.934795103717496
    ],
    "lut_num": 10,
    "lut_shapes": [
      [
        4,
        2,
        16
      ],
      [
        4,
        2,
        16
      ],
      [
        4,
        2,
        16
      ],
      [
        8,
        2,
        16
      ],
      [
        8,
        2,
        16
      ],
      [
        8,
        1,
        16
      ],
      [
        16,
        2,
        16
      ],
      [
        16,
        2,
        16
      ],
      [
        16,
        1,
        16
      ],
      [
        256,
        2,
        16
      ]
    ],
    "lut_total_size": 10496
  }
}