{
  "model": "rs",
  "app": "602.gcc-s0.txt.xz",
  "validation": [
    {
      "method": "sampled train data",
      "threshold": 0.6432848572731018,
      "p": 0.8897908145241258,
      "r": 0.9862435546992399,
      "f1": 0.9355377174867976
    },
    {
      "method": "micro precision f1",
      "threshold": 0.6501962542533875,
      "p": 0.8918023230610299,
      "r": 0.9842345376387116,
      "f1": 0.9357413657381051
    },
    {
      "method": "fixed threshold 0.5",
      "threshold": 0.5,
      "p": 0.4365262416955987,
      "r": 1.0,
      "f1": 0.6077525478133229
    }
  ]
}