{
  "model": "rs",
  "app": "602.gcc-s0.txt.xz",
  "validation": [
    {
      "method": "sampled train data",
      "threshold": 0.5027773380279541,
      "p": 0.8553472416649276,
      "r": 0.998540371055923,
      "f1": 0.9214137321088655
    },
    {
      "method": "micro precision f1",
      "threshold": 0.5719499588012695,
      "p": 0.8913786334913166,
      "r": 0.990469991397312,
      "f1": 0.9383154157770185
    },
    {
      "method": "fixed threshold 0.5",
      "threshold": 0.5,
      "p": 0.4365262416955987,
      "r": 1.0,
      "f1": 0.6077525478133229
    }
  ]
}