{
  "model": "rs",
  "app": "602.gcc-s0.txt.xz",
  "validation": [
    {
      "method": "sampled train data",
      "threshold": 0.4981114864349365,
      "p": 0.4365262416955987,
      "r": 1.0,
      "f1": 0.6077525478133229
    },
    {
      "method": "micro precision f1",
      "threshold": 0.6059437990188599,
      "p": 0.8958160123295148,
      "r": 0.9906943079843427,
      "f1": 0.9408693022876573
    },
    {
      "method": "fixed threshold 0.5",
      "threshold": 0.5,
      "p": 0.43652626101086534,
      "r": 1.0,
      "f1": 0.6077525665332248
    }
  ]
}