{
  "model": "rs",
  "app": "602.gcc-s0.txt.xz",
  "validation": [
    {
      "method": "sampled train data",
      "threshold": 0.5008792281150818,
      "p": 0.7050509466205949,
      "r": 0.9990285865287803,
      "f1": 0.8266821318267762
    },
    {
      "method": "micro precision f1",
      "threshold": 0.586215078830719,
      "p": 0.8954838282950375,
      "r": 0.990816095774364,
      "f1": 0.9407409492613917
    },
    {
      "method": "fixed threshold 0.5",
      "threshold": 0.5,
      "p": 0.4365262513532318,
      "r": 1.0,
      "f1": 0.6077525571732738
    }
  ]
}