{
  "model": "rs",
  "app": "602.gcc-s0.txt.xz",
  "validation": [
    {
      "method": "sampled train data",
      "threshold": 0.5781005620956421,
      "p": 0.8793123887497273,
      "r": 0.9946966815031867,
      "f1": 0.9334523818243337
    },
    {
      "method": "micro precision f1",
      "threshold": 0.6273185014724731,
      "p": 0.8890449334408097,
      "r": 0.987724520580312,
      "f1": 0.935790465659717
    },
    {
      "method": "fixed threshold 0.5",
      "threshold": 0.5,
      "p": 0.4365262416955987,
      "r": 1.0,
      "f1": 0.6077525478133229
    }
  ]
}