{
  "model": "rs",
  "app": "602.gcc-s0.txt.xz",
  "validation": [
    {
      "method": "sampled train data",
      "threshold": 0.48134538531303406,
      "p": 0.4365262416955987,
      "r": 1.0,
      "f1": 0.6077525478133229
    },
    {
      "method": "micro precision f1",
      "threshold": 0.573615550994873,
      "p": 0.8936461117164741,
      "r": 0.9916562946852985,
      "f1": 0.9401036023669395
    },
    {
      "method": "fixed threshold 0.5",
      "threshold": 0.5,
      "p": 0.4365262416955987,
      "r": 1.0,
      "f1": 0.6077525478133229
    }
  ]
}