{
  "model": "rs",
  "app": "602.gcc-s0.txt.xz",
  "validation": [
    {
      "method": "sampled train data",
      "threshold": 0.520078182220459,
      "p": 0.8819758334766445,
      "r": 0.9965463557373199,
      "f1": 0.9357672831826476
    },
    {
      "method": "micro precision f1",
      "threshold": 0.6039261817932129,
      "p": 0.8964751161763429,
      "r": 0.988768966180296,
      "f1": 0.940362876217063
    },
    {
      "method": "fixed threshold 0.5",
      "threshold": 0.5,
      "p": 0.4365262416955987,
      "r": 1.0,
      "f1": 0.6077525478133229
    }
  ]
}