{
  "model": "rs",
  "app": "602.gcc-s0.txt.xz",
  "validation": [
    {
      "method": "sampled train data",
      "threshold": 0.5014365315437317,
      "p": 0.8383240474823632,
      "r": 0.9986981427539408,
      "f1": 0.9115106760239035
    },
    {
      "method": "micro precision f1",
      "threshold": 0.5893180966377258,
      "p": 0.8953624534660031,
      "r": 0.9901103043620302,
      "f1": 0.9403557676821267
    },
    {
      "method": "fixed threshold 0.5",
      "threshold": 0.5,
      "p": 0.4365262416955987,
      "r": 1.0,
      "f1": 0.6077525478133229
    }
  ]
}