{
  "model": "rs",
  "app": "bc-3.txt.xz",
  "validation": [
    {
      "method": "sampled train data",
      "threshold": 0.21128790080547333,
      "p": 0.031193376159854794,
      "r": 1.0,
      "f1": 0.06049956658181486
    },
    {
      "method": "micro precision f1",
      "threshold": 0.5324247479438782,
      "p": 0.13548889521752858,
      "r": 0.38986168985234526,
      "f1": 0.20109211314081812
    },
    {
      "method": "fixed threshold 0.5",
      "threshold": 0.5,
      "p": 0.031611218102126575,
      "r": 0.9999745147811162,
      "f1": 0.061285090469338235
    }
  ]
}