{
  "model": "rs",
  "app": "bc-3.txt.xz",
  "validation": [
    {
      "method": "sampled train data",
      "threshold": 0.21630285680294037,
      "p": 0.031193376159854794,
      "r": 1.0,
      "f1": 0.06049956658181486
    },
    {
      "method": "micro precision f1",
      "threshold": 0.534878671169281,
      "p": 0.13711378745317823,
      "r": 0.3777761017850635,
      "f1": 0.20120151204243253
    },
    {
      "method": "fixed threshold 0.5",
      "threshold": 0.5,
      "p": 0.0315131546780651,
      "r": 0.9999784515222445,
      "f1": 0.061100789241774936
    }
  ]
}