{
  "model": "rs",
  "app": "bc-3.txt.xz",
  "validation": [
    {
      "method": "sampled train data",
      "threshold": 0.23300839960575104,
      "p": 0.031193376159854794,
      "r": 1.0,
      "f1": 0.06049956658181486
    },
    {
      "method": "micro precision f1",
      "threshold": 0.5345373749732971,
      "p": 0.1455048623875933,
      "r": 0.419960354944868,
      "f1": 0.21612743553975614
    },
    {
      "method": "fixed threshold 0.5",
      "threshold": 0.5,
      "p": 0.03170031548057909,
      "r": 0.9999571102413906,
      "f1": 0.06145248426727867
    }
  ]
}