{
  "model": "rs",
  "app": "bc-3.txt.xz",
  "validation": [
    {
      "method": "sampled train data",
      "threshold": 0.2059333771467209,
      "p": 0.031193376159854794,
      "r": 1.0,
      "f1": 0.06049956658181486
    },
    {
      "method": "micro precision f1",
      "threshold": 0.5287427306175232,
      "p": 0.13782692248546619,
      "r": 0.4131910249761361,
      "f1": 0.20670414687370856
    },
    {
      "method": "fixed threshold 0.5",
      "threshold": 0.5,
      "p": 0.03145270072316169,
      "r": 0.9999838386416834,
      "f1": 0.060987159567109046
    }
  ]
}