{
  "model": "rs",
  "app": "bc-3.txt.xz",
  "validation": [
    {
      "method": "sampled train data",
      "threshold": 0.20636476576328278,
      "p": 0.031193376159854794,
      "r": 1.0,
      "f1": 0.06049956658181486
    },
    {
      "method": "micro precision f1",
      "threshold": 0.5318336486816406,
      "p": 0.13259052646944516,
      "r": 0.3690634720772132,
      "f1": 0.19509191675986506
    },
    {
      "method": "fixed threshold 0.5",
      "threshold": 0.5,
      "p": 0.03161752537469925,
      "r": 0.9999743075842147,
      "f1": 0.061296943294723516
    }
  ]
}