{
  "model": "rs",
  "app": "bc-3.txt.xz",
  "validation": [
    {
      "method": "sampled train data",
      "threshold": 0.20129583775997162,
      "p": 0.031193376159854794,
      "r": 1.0,
      "f1": 0.06049956658181486
    },
    {
      "method": "micro precision f1",
      "threshold": 0.5293501019477844,
      "p": 0.13730104702853121,
      "r": 0.41982319059607853,
      "f1": 0.206927502854541
    },
    {
      "method": "fixed threshold 0.5",
      "threshold": 0.5,
      "p": 0.03139939966948329,
      "r": 0.9999894329580238,
      "f1": 0.06088696498820621
    }
  ]
}