{
  "model": "ms",
  "app": "bc-3.txt.xz",
  "validation": [
    {
      "method": "sampled train data",
      "threshold": 0.17773108184337616,
      "p": 0.031193376159854794,
      "r": 1.0,
      "f1": 0.06049956658181486
    },
    {
      "method": "micro precision f1",
      "threshold": 0.5416725277900696,
      "p": 0.07677671300390768,
      "r": 0.554973999896816,
      "f1": 0.134892066267931
    },
    {
      "method": "fixed threshold 0.5",
      "threshold": 0.5,
      "p": 0.03325792325610656,
      "r": 0.999902410259396,
      "f1": 0.06437466972981494
    }
  ]
}