{
  "model": "rs",
  "app": "bc-3.txt.xz",
  "validation": [
    {
      "method": "sampled train data",
      "threshold": 0.19753983616828918,
      "p": 0.031193376159854794,
      "r": 1.0,
      "f1": 0.06049956658181486
    },
    {
      "method": "micro precision f1",
      "threshold": 0.52653568983078,
      "p": 0.1358570788883853,
      "r": 0.4132656158606742,
      "f1": 0.20449003442299232
    },
    {
      "method": "fixed threshold 0.5",
      "threshold": 0.5,
      "p": 0.03141069538247738,
      "r": 0.9999846674292894,
      "f1": 0.060908192742188685
    }
  ]
}