{
  "model": "rs",
  "app": "bc-3.txt.xz",
  "validation": [
    {
      "method": "sampled train data",
      "threshold": 0.1835559606552124,
      "p": 0.031193376159854794,
      "r": 1.0,
      "f1": 0.06049956658181486
    },
    {
      "method": "micro precision f1",
      "threshold": 0.5332410335540771,
      "p": 0.13233645715101158,
      "r": 0.35354815369949033,
      "f1": 0.1925860957439028
    },
    {
      "method": "fixed threshold 0.5",
      "threshold": 0.5,
      "p": 0.031482915557191425,
      "r": 0.9999784515222445,
      "f1": 0.06104394823322806
    }
  ]
}