{
  "model": "rs",
  "app": "bc-3.txt.xz",
  "validation": [
    {
      "method": "sampled train data",
      "threshold": 0.19651854038238525,
      "p": 0.031193376159854794,
      "r": 1.0,
      "f1": 0.06049956658181486
    },
    {
      "method": "micro precision f1",
      "threshold": 0.5275786519050598,
      "p": 0.14138806359701145,
      "r": 0.42865267935637186,
      "f1": 0.2126387386833657
    },
    {
      "method": "fixed threshold 0.5",
      "threshold": 0.5,
      "p": 0.03210965247242483,
      "r": 0.9999573174382921,
      "f1": 0.06222131486870355
    }
  ]
}