{
  "model": "rs",
  "app": "bc-3.txt.xz",
  "validation": [
    {
      "method": "sampled train data",
      "threshold": 0.19797639548778534,
      "p": 0.031193376159854794,
      "r": 1.0,
      "f1": 0.06049956658181486
    },
    {
      "method": "micro precision f1",
      "threshold": 0.5324732065200806,
      "p": 0.14091478609066474,
      "r": 0.38601217861947607,
      "f1": 0.20646058076939447
    },
    {
      "method": "fixed threshold 0.5",
      "threshold": 0.5,
      "p": 0.032237223327966746,
      "r": 0.9999378409295516,
      "f1": 0.06246076001713687
    }
  ]
}