{
  "model": "rs",
  "app": "bc-3.txt.xz",
  "validation": [
    {
      "method": "sampled train data",
      "threshold": 0.20569998025894165,
      "p": 0.031193376159854794,
      "r": 1.0,
      "f1": 0.06049956658181486
    },
    {
      "method": "micro precision f1",
      "threshold": 0.5311521291732788,
      "p": 0.13326814488511618,
      "r": 0.4079955626711576,
      "f1": 0.20091061343842762
    },
    {
      "method": "fixed threshold 0.5",
      "threshold": 0.5,
      "p": 0.03177400607590431,
      "r": 0.9999629117546325,
      "f1": 0.06159094839909442
    }
  ]
}