{
  "model": "rs",
  "app": "bc-3.txt.xz",
  "validation": [
    {
      "method": "sampled train data",
      "threshold": 0.2130884975194931,
      "p": 0.031193376159854794,
      "r": 1.0,
      "f1": 0.06049956658181486
    },
    {
      "method": "micro precision f1",
      "threshold": 0.5361035466194153,
      "p": 0.1412807849080351,
      "r": 0.34756907271305904,
      "f1": 0.2008994403378548
    },
    {
      "method": "fixed threshold 0.5",
      "threshold": 0.5,
      "p": 0.03161889179620898,
      "r": 0.9999784515222445,
      "f1": 0.061299518968346026
    }
  ]
}