{
  "model": "rs",
  "app": "bc-3.txt.xz",
  "validation": [
    {
      "method": "sampled train data",
      "threshold": 0.20777714252471924,
      "p": 0.031193376159854794,
      "r": 1.0,
      "f1": 0.06049956658181486
    },
    {
      "method": "micro precision f1",
      "threshold": 0.5322163105010986,
      "p": 0.13232151463215047,
      "r": 0.3685773881463067,
      "f1": 0.19473278135828598
    },
    {
      "method": "fixed threshold 0.5",
      "threshold": 0.5,
      "p": 0.03163623830274153,
      "r": 0.9999732715997072,
      "f1": 0.06133210757177282
    }
  ]
}