{
  "model": "rt",
  "app": "bc-3.txt.xz",
  "validation": [
    {
      "method": "sampled train data",
      "threshold": 0.2196415513753891,
      "p": 0.031193376159854794,
      "r": 1.0,
      "f1": 0.06049956658181486
    },
    {
      "method": "micro precision f1",
      "threshold": 0.5319166779518127,
      "p": 0.137115472413903,
      "r": 0.45369739762763694,
      "f1": 0.21058760282015504
    },
    {
      "method": "fixed threshold 0.5",
      "threshold": 0.5,
      "p": 0.031992758615443505,
      "r": 0.9999519303188532,
      "f1": 0.06200181284284844
    }
  ]
}