{
  "model": "rs",
  "app": "bc-3.txt.xz",
  "validation": [
    {
      "method": "sampled train data",
      "threshold": 0.1865219920873642,
      "p": 0.031193376159854794,
      "r": 1.0,
      "f1": 0.06049956658181486
    },
    {
      "method": "micro precision f1",
      "threshold": 0.5263946056365967,
      "p": 0.14099923031020134,
      "r": 0.42161896614133276,
      "f1": 0.21132608253715382
    },
    {
      "method": "fixed threshold 0.5",
      "threshold": 0.5,
      "p": 0.03181790950589719,
      "r": 0.9999666412988594,
      "f1": 0.061673433813187094
    }
  ]
}