{
  "model": "rs",
  "app": "bc-3.txt.xz",
  "validation": [
    {
      "method": "sampled train data",
      "threshold": 0.21086502075195312,
      "p": 0.031193376159854794,
      "r": 1.0,
      "f1": 0.06049956658181486
    },
    {
      "method": "micro precision f1",
      "threshold": 0.5315289497375488,
      "p": 0.12995298953658138,
      "r": 0.39820778824145153,
      "f1": 0.19595659017479908
    },
    {
      "method": "fixed threshold 0.5",
      "threshold": 0.5,
      "p": 0.031463304529642584,
      "r": 0.9999846674292894,
      "f1": 0.061007094825242074
    }
  ]
}