{
  "model": "rs",
  "app": "bc-3.txt.xz",
  "validation": [
    {
      "method": "sampled train data",
      "threshold": 0.2047106772661209,
      "p": 0.031193376159854794,
      "r": 1.0,
      "f1": 0.06049956658181486
    },
    {
      "method": "micro precision f1",
      "threshold": 0.528210461139679,
      "p": 0.13613220828740002,
      "r": 0.43069191126088224,
      "f1": 0.20687560373468059
    },
    {
      "method": "fixed threshold 0.5",
      "threshold": 0.5,
      "p": 0.03150199986531777,
      "r": 0.9999873609890089,
      "f1": 0.06107983835161259
    }
  ]
}