{
  "model": "rs",
  "app": "bc-3.txt.xz",
  "validation": [
    {
      "method": "sampled train data",
      "threshold": 0.17448900640010834,
      "p": 0.031193376159854794,
      "r": 1.0,
      "f1": 0.06049956658181486
    },
    {
      "method": "micro precision f1",
      "threshold": 0.5253491401672363,
      "p": 0.1420546466669321,
      "r": 0.41027597176900776,
      "f1": 0.21103884615564977
    },
    {
      "method": "fixed threshold 0.5",
      "threshold": 0.5,
      "p": 0.03146272665182193,
      "r": 0.9999869465952058,
      "f1": 0.06100601274528676
    }
  ]
}