{
  "model": "rs",
  "app": "bc-3.txt.xz",
  "validation": [
    {
      "method": "sampled train data",
      "threshold": 0.17959171533584595,
      "p": 0.031193376159854794,
      "r": 1.0,
      "f1": 0.06049956658181486
    },
    {
      "method": "micro precision f1",
      "threshold": 0.5342873930931091,
      "p": 0.13000442884433605,
      "r": 0.36674846109681336,
      "f1": 0.19196234256464606
    },
    {
      "method": "fixed threshold 0.5",
      "threshold": 0.5,
      "p": 0.03192460080448412,
      "r": 0.9999486151684294,
      "f1": 0.06187380362256984
    }
  ]
}