{
  "model": "rs",
  "app": "bc-3.txt.xz",
  "validation": [
    {
      "method": "sampled train data",
      "threshold": 0.2142021805047989,
      "p": 0.031193376159854794,
      "r": 1.0,
      "f1": 0.06049956658181486
    },
    {
      "method": "micro precision f1",
      "threshold": 0.5305607318878174,
      "p": 0.13472287670620411,
      "r": 0.40144917656843393,
      "f1": 0.201742659239023
    },
    {
      "method": "fixed threshold 0.5",
      "threshold": 0.5,
      "p": 0.031540743379230775,
      "r": 0.9999869465952058,
      "f1": 0.06115266118725629
    }
  ]
}