{
  "model": "rs",
  "app": "bc-3.txt.xz",
  "validation": [
    {
      "method": "sampled train data",
      "threshold": 0.21328021585941315,
      "p": 0.031193376159854794,
      "r": 1.0,
      "f1": 0.06049956658181486
    },
    {
      "method": "micro precision f1",
      "threshold": 0.5347722768783569,
      "p": 0.1316569038095422,
      "r": 0.38000926998937284,
      "f1": 0.19556049028711972
    },
    {
      "method": "fixed threshold 0.5",
      "threshold": 0.5,
      "p": 0.03178873978094447,
      "r": 0.99995980380111,
      "f1": 0.06161862246798458
    }
  ]
}